ID,Nombre,P_comestible,Energia_kcal,Agua_g,Alcohol_g,Proteinas_g,HC_g,Almidon_g,Azucares_sencillos_g,Azucares_libres_g,Fibra_g,Grasa_total_g,AGS_g,AGM_g,AGP_g,Colesterol_mg,VitA_ug,Retinol_ug,Carotenoides_ug,VitD_ug,VitE_mg,VitK_ug,VitB1_mg,VitB2_mg,Niacina_mg,VitB6_mg,Folato_ug,VitB12_ug,VitC_mg,Biotina_ug,Pantotenico_mg,Calcio_mg,Fosforo_mg,Magnesio_mg,Hierro_mg,Sodio_mg,Cinc_mg,Iodo_ug,Manganeso_mg,Potasio_mg,Selenio_ug,Cobre_mg
010101,Arroz,1.0,364.0,9.4,0.0,6.7,81.6,81.4,0.16,0.0,1.4,0.9,0.19,0.23,0.32,0.0,0.0,0.0,0.0,0.0,0.076,1.0,,,,,,,,,,,,,,,,,,,,
010102,Arroz blanco de cocción rápida,1.0,349.0,12.9,0.0,6.9,78.2,78.2,0.0,0.0,1.4,0.6,0.15,0.17,0.2,0.0,0.0,0.0,0.0,0.0,0.1,1.0,,,,,,,,,,,,,,,,,,,,
010103,Arroz integral,1.0,350.0,14.2,0.0,7.3,74.1,72.7,1.4,0.0,2.2,2.2,0.61,0.55,0.81,0.0,0.0,0.0,,0.0,0.74,1.0,,,,,,,,,,,,,,,,,,,,
010104,Arroz salvaje,1.0,356.0,7.8,0.0,14.7,68.7,66.2,2.5,0.0,6.2,1.1,0.16,0.16,0.68,0.0,1.8,0.0,11.0,0.0,0.82,,,,,,,,,,,,,,,,,,,,,
010105,Avena,1.0,353.0,15.8,0.0,11.7,55.7,55.7,0.0,0.0,9.7,7.1,1.5,2.6,2.9,0.0,0.0,0.0,,0.0,0.84,50.0,,,,,,,,,,,,,,,,,,,,
010106,Bulgur,1.0,344.0,9.0,0.0,12.3,64.5,64.1,0.41,0.0,12.5,1.3,,,,,0.0,0.0,5.0,0.0,0.06,,,,,,,,,,,,,,,,,,,,,
010107,Cebada,1.0,330.0,10.1,0.0,9.9,62.1,61.3,0.8,0.0,15.6,1.2,0.24,0.15,0.56,0.0,2.2,0.0,13.0,0.0,0.02,2.2,,,,,,,,,,,,,,,,,,,,
010108,Centeno,1.0,372.0,0.0,0.0,14.8,65.2,64.2,1.1,0.0,14.6,2.5,0.29,0.3,1.1,0.0,1.2,0.0,7.0,0.0,1.9,5.9,,,,,,,,,,,,,,,,,,,,
010109,Fécula de maíz,1.0,356.0,10.9,0.0,0.41,88.0,88.0,0.0,0.0,0.6,0.08,0.011,0.02,0.03,0.0,0.0,0.0,0.0,0.0,0.0,1.0,,,,,,,,,,,,,,,,,,,,
010110,Germen de trigo,1.0,355.0,13.9,0.0,28.6,30.6,15.4,15.2,0.0,17.7,9.2,1.2,1.2,4.0,0.0,10.3,0.0,62.0,0.0,24.4,131.0,,,,,,,,,,,,,,,,,,,,
010111,"Gofio canario, tostado",1.0,356.0,6.1,0.0,10.1,64.8,63.4,1.4,0.0,16.2,2.7,0.31,0.36,1.2,0.0,0.0,0.0,0.0,0.0,0.4,,,,,,,,,,,,,,,,,,,,,
010112,Harina de arroz,1.0,349.0,11.9,0.0,7.6,78.0,77.9,0.12,0.0,0.0,0.7,0.2,0.22,0.19,0.0,0.0,0.0,0.0,0.0,0.11,0.0,,,,,,,,,,,,,,,,,,,,
010113,Harina de centeno,1.0,326.0,13.4,0.0,10.0,59.7,59.7,0.0,0.0,15.0,1.9,0.24,0.2,0.85,0.0,0.0,0.0,0.0,0.0,1.5,,,,,,,,,,,,,,,,,,,,,
010114,Harina de maíz,1.0,342.0,13.2,0.0,8.3,66.3,66.3,0.0,0.0,9.4,2.8,0.35,0.88,1.4,0.0,50.0,0.0,300.0,0.0,0.0,1.0,,,,,,,,,,,,,,,,,,,,
010115,Harina de trigo,1.0,341.0,14.0,0.0,9.9,70.6,69.9,0.7,0.0,4.3,1.2,0.16,0.13,0.51,0.0,0.17,0.0,1.0,0.0,0.34,32.7,,,,,,,,,,,,,,,,,,,,
010116,Harina integral de trigo,1.0,322.0,17.8,0.0,12.7,58.3,56.2,2.1,0.0,9.0,2.2,0.28,0.21,0.89,0.0,0.0,0.0,0.0,0.0,1.4,65.5,,,,,,,,,,,,,,,,,,,,
010117,Maíz en grano hervido en lata,1.0,102.0,74.9,0.0,3.3,18.2,13.7,4.5,0.0,2.3,1.3,0.2,0.37,0.6,0.0,13.0,0.0,,0.0,0.45,1.0,,,,,,,,,,,,,,,,,,,,
010118,Maíz en mazorca crudo,0.59,346.0,13.7,0.0,8.6,64.7,58.5,6.2,0.0,9.2,3.8,0.57,1.0,1.5,0.0,21.4,0.0,129.0,0.0,1.1,1.0,,,,,,,,,,,,,,,,,,,,
010119,Maíz en mazorca hervido,0.59,110.0,72.3,0.0,3.4,18.6,14.0,4.5,0.0,4.2,1.5,0.2,0.4,0.6,0.0,26.3,0.0,158.0,0.0,0.7,1.0,,,,,,,,,,,,,,,,,,,,
010120,Mijo,1.0,356.0,11.9,0.0,11.0,64.4,56.2,8.2,0.0,8.5,4.2,0.72,0.77,2.1,0.0,0.0,0.0,0.0,0.0,0.41,0.9,,,,,,,,,,,,,,,,,,,,
010121,Polenta cocinada,1.0,61.8,84.7,0.0,1.4,13.2,10.8,0.0,0.0,0.29,0.31,0.034,0.089,0.17,0.05,8.3,,50.0,,0.074,,,,,,,,,,,,,,,,,,,,,
010122,"Polenta, harina",1.0,350.0,12.6,0.0,7.9,74.0,68.0,0.0,0.0,3.2,1.8,0.22,0.52,0.97,0.0,8.3,,50.0,,0.007,,,,,,,,,,,,,,,,,,,,,
010123,Quinoa,1.0,354.0,13.3,0.0,14.1,57.2,52.2,5.0,0.0,7.0,6.1,0.71,1.6,3.3,0.0,1.4,0.0,8.5,0.0,2.9,0.0,,,,,,,,,,,,,,,,,,,,
010124,Salvado de avena,1.0,319.0,6.6,0.0,12.3,33.8,32.9,1.0,0.0,34.1,7.4,1.4,2.5,3.0,0.0,0.0,0.0,0.0,0.0,1.0,3.2,,,,,,,,,,,,,,,,,,,,
010125,Salvado de trigo,1.0,274.0,15.6,0.0,15.6,21.7,21.3,0.41,0.0,42.8,4.3,0.63,0.64,2.2,0.0,0.0,0.0,0.0,0.0,2.3,131.0,,,,,,,,,,,,,,,,,,,,
010126,Sémola de trigo,1.0,351.0,10.1,0.0,12.7,69.0,68.7,0.32,0.0,7.2,1.1,0.15,0.12,0.43,0.0,0.0,0.0,,0.0,0.26,98.2,,,,,,,,,,,,,,,,,,,,
010201,Barrita de cereales con frutas rojas,1.0,392.0,7.5,0.0,8.0,78.0,38.0,39.0,34.6,1.5,5.0,2.0,0.05,0.1,0.0,1.8,0.0,11.0,,,,,,,,,,,,,,,,,,,,,,,
010202,Barrita de cereales con melocotón y albaricoque,1.0,403.0,7.0,0.0,7.0,77.0,38.0,38.0,33.6,2.0,7.0,2.0,0.86,3.2,0.0,0.0,0.0,0.0,,,,,,,,,,,,,,,,,,,,,,,
010203,Barrita de cereales con pepitas de chocolate,1.0,350.0,20.5,0.0,9.0,62.0,37.0,25.0,20.6,1.5,7.0,3.5,2.2,0.29,0.0,,,,,,,,,,,,,,,,,,,,,,,,,,
010204,Barrita de cereales integrales,1.0,393.0,8.5,0.0,8.0,76.0,41.0,35.0,30.6,1.5,6.0,5.0,,,0.0,,,,,,,,,,,,,,,,,,,,,,,,,,
010205,Barrita de fibra y chocolate,1.0,414.0,7.0,0.0,7.0,51.0,28.0,23.0,18.6,19.0,16.0,5.0,5.7,0.74,,,,,,,,,,,,,,,,,,,,,,,,,,,
010206,Bizcocho de fruta y fibra,1.0,383.0,16.0,0.0,4.0,58.0,20.0,38.0,31.1,9.0,13.0,1.5,6.7,3.4,,7.7,7.0,4.0,,,,,,,,,,,,,,,,,,,,,,,
010207,Cereales (almohadillas ricas en fibra),1.0,408.0,8.5,0.0,7.5,63.0,28.0,35.0,18.6,7.0,14.0,5.0,3.5,5.5,0.0,,,,,,,,,,,,,,,,,,,,,,,,,,
010208,Cereales (copos ricos en fibra),1.0,356.0,6.0,0.0,10.0,67.0,45.0,22.0,12.0,15.0,2.0,0.5,,,0.0,,,,4.2,,,,,,,,,,,,,,,,,,,,,,
010209,Cd  con base de arroz,1.0,388.0,4.5,0.0,7.0,86.0,78.0,8.0,0.0,1.0,1.5,0.59,0.2,0.61,0.0,464.0,464.0,0.0,4.2,0.6,0.1,,,,,,,,,,,,,,,,,,,,
010210,Cd  con base de arroz y chocolate,1.0,388.0,5.0,0.0,5.0,85.0,46.0,39.0,31.0,2.5,2.5,1.5,0.31,0.18,0.0,464.0,464.0,0.0,4.2,0.62,0.1,,,,,,,,,,,,,,,,,,,,
010211,Cd  con base de arroz y trigo integral,1.0,375.0,6.0,0.0,16.0,74.0,57.0,17.0,9.0,3.0,1.0,0.017,0.017,0.052,0.0,515.0,515.0,0.0,8.3,0.55,1.1,,,,,,,,,,,,,,,,,,,,
010212,"Cd  con base de arroz, trigo integral, frutas rojas",1.0,390.0,2.0,0.0,14.0,79.5,61.5,18.0,10.0,3.5,1.0,0.3,0.2,0.4,0.0,515.0,515.0,0.0,8.3,0.55,1.1,,,,,,,,,,,,,,,,,,,,
010213,Cd  con base de avena,1.0,349.0,12.9,0.0,13.8,54.4,53.0,7.5,0.0,5.6,7.2,1.3,2.6,3.1,0.0,0.0,0.0,0.0,0.0,1.5,4.1,,,,,,,,,,,,,,,,,,,,
010214,Cd  con base de avena integral tostada y miel,1.0,388.0,6.2,0.0,8.6,75.0,52.1,22.9,22.2,4.9,4.9,0.88,1.8,2.1,0.0,0.0,0.0,0.0,0.0,1.5,4.1,,,,,,,,,,,,,,,,,,,,
010215,Cd  con base de maíz,1.0,376.0,5.7,0.0,8.0,83.0,76.0,7.0,0.0,2.5,0.8,0.23,0.12,0.25,0.0,398.0,398.0,0.0,4.2,0.34,1.1,,,,,,,,,,,,,,,,,,,,
010216,Cd  con base de maíz azucarados,1.0,361.0,6.4,0.0,4.5,83.7,51.1,32.6,28.7,1.5,0.6,0.2,0.09,0.26,0.0,398.0,398.0,0.0,4.2,0.13,1.1,,,,,,,,,,,,,,,,,,,,
010219,Cd  con base de trigo y chocolate,1.0,364.0,4.0,0.0,8.0,75.0,48.0,27.0,25.0,4.5,2.5,1.1,0.28,0.32,0.0,566.0,566.0,0.0,4.2,0.5,2.0,,,,,,,,,,,,,,,,,,,,
010220,Cd  con base de trigo y frutas,1.0,348.0,6.0,0.0,10.0,65.0,46.1,18.9,16.9,15.0,2.0,0.3,0.24,1.4,0.0,546.0,546.0,0.0,4.2,4.2,2.0,,,,,,,,,,,,,,,,,,,,
010221,Cd  con base de trigo y miel,1.0,387.0,3.3,0.0,7.0,84.0,41.0,43.0,41.0,4.0,1.7,0.4,0.18,1.1,0.0,566.0,566.0,0.0,4.2,0.5,2.0,,,,,,,,,,,,,,,,,,,,
010222,Cd  de trigo integral relleno de pasas,1.0,358.0,8.5,0.0,9.0,71.5,48.3,23.3,21.3,9.0,2.0,0.3,0.24,1.4,0.0,546.0,546.0,0.0,4.2,4.2,2.0,,,,,,,,,,,,,,,,,,,,
010223,Cd  rellenos de chocolate,1.0,436.0,4.9,0.0,7.5,66.6,34.3,32.3,27.9,7.0,14.0,5.0,3.5,5.5,,0.0,0.0,0.0,,6.2,,,,,,,,,,,,,,,,,,,,,
010224,Cd  salvado de trigo completo,1.0,338.0,6.0,0.0,13.0,48.0,46.0,2.0,0.0,29.0,4.0,0.87,0.59,2.4,0.0,525.0,525.0,0.0,3.1,2.2,5.2,,,,,,,,,,,,,,,,,,,,
010225,Cd  variados con miel,1.0,379.0,7.3,0.0,5.5,80.7,52.7,28.0,23.6,3.4,3.0,1.8,0.15,0.68,0.0,566.0,566.0,0.0,4.2,0.5,2.0,,,,,,,,,,,,,,,,,,,,
010226,Cd  variados integrales con miel,1.0,382.0,4.9,0.0,8.0,77.0,42.0,35.0,30.6,7.0,3.1,0.5,0.97,1.6,0.0,283.0,283.0,0.0,4.2,1.0,3.1,,,,,,,,,,,,,,,,,,,,
010228,Cereales malteados en polvo,1.0,343.0,9.3,0.0,5.7,73.7,68.2,5.5,4.8,10.9,0.4,0.1,,,0.0,0.0,0.0,0.0,0.0,0.0,,,,,,,,,,,,,,,,,,,,,
010229,Malta,1.0,365.0,9.4,0.0,11.2,73.1,72.4,0.66,0.0,4.2,2.1,0.32,0.24,0.81,0.0,1.8,0.0,11.0,0.0,2.2,2.8,,,,,,,,,,,,,,,,,,,,
010230,Muesli,1.0,395.0,11.0,0.0,9.0,61.0,42.0,19.0,14.6,8.0,11.0,2.5,3.4,1.8,0.0,164.0,164.0,0.0,4.3,2.9,3.1,,,,,,,,,,,,,,,,,,,,
010231,Snacks bajos en calorías de chocolate,1.0,332.0,28.0,0.0,9.0,50.0,25.0,25.0,20.6,3.0,10.0,4.0,,,,0.0,0.0,0.0,,,,,,,,,,,,,,,,,,,,,,,
010232,Tortita de arroz inflado,1.0,371.0,10.3,0.0,8.5,75.0,74.4,0.6,0.0,2.7,3.5,0.7,1.2,1.6,,0.0,0.0,0.0,,,,,,,,,,,,,,,,,,,,,,,
010233,Tortita de arroz integral,1.0,394.0,2.9,0.0,8.6,80.3,79.7,0.6,0.0,5.0,3.2,0.6,0.9,1.1,0.2,0.17,0.0,1.0,,,,,,,,,,,,,,,,,,,,,,,
010234,Tortita de arroz integral tipo1,1.0,369.0,8.5,0.0,7.5,76.5,75.9,0.6,0.0,5.0,2.5,0.58,0.83,0.92,,0.17,0.0,1.0,,,,,,,,,,,,,,,,,,,,,,,
010235,Tortita de maíz,1.0,384.0,4.2,0.0,8.1,81.5,58.0,23.5,20.7,1.9,2.4,0.42,0.76,0.93,0.0,70.0,69.0,7.0,,,0.0,,,,,,,,,,,,,,,,,,,,
010301,Colines,1.0,414.0,3.9,0.0,11.2,77.7,75.1,2.6,0.0,1.0,6.2,0.6,,,0.0,0.0,0.0,0.0,0.0,0.01,3.0,,,,,,,,,,,,,,,,,,,,
010302,Masa de hojaldre congelada,1.0,544.0,8.4,0.0,7.4,41.3,39.4,1.9,0.0,1.5,38.5,5.5,8.3,22.2,1.0,0.0,0.0,0.0,1.0,2.4,14.4,,,,,,,,,,,,,,,,,,,,
010303,Masa quebrada,1.0,372.0,32.8,0.0,6.1,39.3,37.8,1.5,1.5,0.9,20.9,8.8,,,114.0,35.8,35.5,1.6,0.52,1.0,17.9,,,,,,,,,,,,,,,,,,,,
010304,Pan blanco,1.0,243.0,39.6,0.0,8.3,47.0,42.2,4.8,0.0,3.5,1.6,0.39,0.28,0.34,0.0,0.33,0.0,2.0,0.0,0.0,1.9,,,,,,,,,,,,,,,,,,,,
010305,Pan blanco sin sal,1.0,265.0,33.5,0.0,8.0,53.9,52.0,1.9,0.0,3.5,1.1,0.2,0.1,0.4,0.0,0.0,0.0,0.0,0.0,0.18,1.9,,,,,,,,,,,,,,,,,,,,
010306,Pan blanco tipo baguette,1.0,273.0,31.5,0.0,8.0,55.9,53.6,2.3,0.0,3.5,1.2,0.2,0.1,0.4,0.0,0.0,0.0,0.0,0.0,0.18,1.9,,,,,,,,,,,,,,,,,,,,
010307,Pan blanco tostado,1.0,389.0,6.6,0.0,11.5,73.4,68.2,5.2,0.0,3.9,4.6,0.5,1.9,0.98,0.0,0.0,0.0,0.0,0.0,0.01,3.0,,,,,,,,,,,,,,,,,,,,
010308,Pan blanco tostado sin sal,1.0,389.0,6.6,0.0,11.5,73.4,68.2,5.2,0.0,5.2,3.9,0.5,1.8,0.82,1.0,0.0,0.0,0.0,0.0,0.01,3.0,,,,,,,,,,,,,,,,,,,,
010309,Pan de avena,1.0,275.0,34.7,0.0,8.4,48.5,37.9,10.6,5.7,4.0,4.4,0.7,1.6,1.7,0.0,2.0,2.0,0.0,,0.61,,,,,,,,,,,,,,,,,,,,,
010310,Pan de cebada,1.0,248.0,41.6,0.0,6.4,43.5,37.8,5.7,0.0,4.0,4.5,0.7,0.61,1.6,0.0,0.83,0.0,5.0,,,,,,,,,,,,,,,,,,,,,,,
010311,Pan de centeno,1.0,245.0,39.9,0.0,8.5,42.5,38.7,3.9,0.0,5.8,3.3,0.63,1.3,0.8,0.0,0.0,0.0,0.0,0.0,0.33,1.2,,,,,,,,,,,,,,,,,,,,
010312,Pan de molde,1.0,350.0,37.1,0.0,9.3,46.9,42.5,4.4,0.0,1.5,13.6,,,,0.0,0.0,0.0,0.0,0.0,0.0,3.0,,,,,,,,,,,,,,,,,,,,
010313,Pan de molde integral,1.0,239.0,41.0,0.0,10.0,40.0,36.5,3.5,0.0,6.0,3.0,0.7,1.4,0.8,0.0,0.0,0.0,,0.0,0.66,3.0,,,,,,,,,,,,,,,,,,,,
010314,Pan de pasas,1.0,269.0,36.3,0.0,8.3,49.6,38.6,11.0,4.1,2.8,3.0,0.63,0.54,1.4,0.0,0.0,0.0,0.0,0.68,0.21,0.5,,,,,,,,,,,,,,,,,,,,
010315,Pan de perrito,1.0,271.0,36.2,0.0,7.5,47.5,45.2,2.3,0.0,4.1,4.7,1.0,1.4,1.3,0.0,0.01,0.01,0.0,0.0,0.26,3.0,,,,,,,,,,,,,,,,,,,,
010316,Pan de pita,1.0,274.0,31.8,0.0,9.1,55.7,54.4,1.3,0.0,2.2,1.2,0.17,0.11,0.54,0.0,8.3,,50.0,0.0,0.074,,,,,,,,,,,,,,,,,,,,,
010317,Pan de trigo y centeno,1.0,243.0,37.8,0.0,6.7,49.0,46.0,3.0,0.0,5.5,1.0,0.13,0.1,0.47,30.7,0.0,0.0,0.0,0.0,1.2,,,,,,,,,,,,,,,,,,,,,
010318,Pan de Viena,1.0,268.0,34.9,0.0,10.8,49.7,45.1,4.6,0.0,2.2,2.4,0.53,0.36,0.86,0.0,0.0,0.0,0.0,0.0,0.28,0.7,,,,,,,,,,,,,,,,,,,,
010319,Pan fajitas,1.0,315.0,26.6,0.0,8.6,53.0,51.5,1.5,0.0,5.4,6.4,3.1,,,0.0,0.0,0.0,0.0,0.0,0.0,1.9,,,,,,,,,,,,,,,,,,,,
010320,Pan integral,1.0,259.0,36.1,0.0,10.9,44.0,39.5,4.5,0.0,6.0,3.0,0.54,0.41,1.2,0.0,0.0,0.0,0.0,0.0,0.18,3.4,,,,,,,,,,,,,,,,,,,,
010321,Pan integral tostado,1.0,385.0,7.0,0.0,13.0,62.0,58.0,4.0,0.0,11.0,7.0,,,,0.0,0.33,0.0,2.0,0.0,0.2,3.0,,,,,,,,,,,,,,,,,,,,
010322,Pan sin gluten,1.0,242.0,43.9,0.0,4.3,42.3,38.7,3.5,0.0,4.3,5.2,0.98,2.0,0.52,0.0,0.0,0.0,0.0,0.0,0.6,0.3,,,,,,,,,,,,,,,,,,,,
010323,Pan tipo hamburguesa,1.0,271.0,36.2,0.0,7.5,47.5,45.2,2.3,0.0,4.1,4.7,1.0,1.4,1.3,0.0,0.01,0.01,0.0,0.0,0.26,3.0,,,,,,,,,,,,,,,,,,,,
010324,Pan tipo picatoste con omega,3.0,1.0,524.0,5.2,0.0,10.2,46.9,46.3,0.6,0.0,6.2,31.5,4.4,21.0,6.1,,0.0,0.0,,,,,,,,,,,,,,,,,,,,,,,
010325,Panecillos hechos con aceite de oliva,1.0,305.0,27.7,0.0,8.0,56.6,49.9,2.1,0.0,3.2,4.5,0.75,3.2,0.47,0.0,,,0.0,,,,,,,,,,,,,,,,,,,,,,,
010326,Picatostes,1.0,371.0,7.9,0.0,11.0,75.6,71.6,4.0,0.0,3.5,2.0,0.4,,,,0.0,0.0,,,,,,,,,,,,,,,,,,,,,,,,
010401,Cuscús,1.0,377.0,4.2,0.0,12.8,77.4,77.4,0.0,0.0,5.0,0.64,0.12,0.089,0.25,0.0,0.0,0.0,0.0,0.0,,,,,,,,,,,,,,,,,,,,,,
010402,Pasta,1.0,359.0,9.7,0.0,12.8,70.9,68.3,2.6,0.0,5.0,1.6,0.23,0.19,0.65,0.0,0.0,0.0,0.0,0.0,0.13,0.5,,,,,,,,,,,,,,,,,,,,
010403,Pasta al huevo,1.0,374.0,9.3,0.0,12.4,69.9,64.5,1.9,0.0,3.4,4.2,0.9,1.5,0.4,30.0,63.0,63.0,0.0,0.13,0.21,0.5,,,,,,,,,,,,,,,,,,,,
010404,Pasta de colores,1.0,352.0,10.1,0.0,13.1,70.6,68.4,3.8,0.0,4.3,1.0,0.15,0.12,0.43,0.0,8.0,0.0,48.0,0.0,0.1,0.5,,,,,,,,,,,,,,,,,,,,
010405,Pasta fresca cocida,1.0,130.0,68.6,0.0,5.2,24.9,24.9,0.0,0.0,,1.1,0.15,0.12,0.43,33.0,6.0,6.0,0.0,,,,,,,,,,,,,,,,,,,,,,,
010406,Pasta integral,1.0,352.0,10.7,0.0,13.1,63.7,61.4,2.3,0.0,9.3,2.9,0.41,0.3,1.3,0.0,0.0,0.0,0.0,0.0,0.25,,,,,,,,,,,,,,,,,,,,,
010407,Pasta rellena de carne hervida,1.0,104.0,77.4,0.0,4.7,12.7,12.7,0.0,0.0,1.8,3.4,1.3,1.6,0.3,23.0,0.0,0.0,0.0,0.1,0.3,0.5,,,,,,,,,,,,,,,,,,,,
010408,Pasta rellena de queso hervida,1.0,151.0,68.2,0.0,9.5,16.3,15.3,1.0,0.0,0.9,5.1,2.0,2.3,0.5,26.0,38.0,38.0,,0.1,0.3,0.5,,,,,,,,,,,,,,,,,,,,
020101,Altramuz seco,1.0,394.0,10.4,0.0,36.2,40.4,,,0.0,,9.7,1.2,3.9,2.4,0.0,6.9,,,0.0,,,,,,,,,,,,,,,,,,,,,,
020102,Garbanzo,1.0,341.0,11.0,0.0,20.8,44.3,41.9,2.4,0.0,15.5,5.5,0.36,1.6,2.5,0.0,33.0,0.0,198.0,0.0,0.82,264.0,,,,,,,,,,,,,,,,,,,,
020103,Guisante seco,1.0,302.0,15.2,0.0,22.9,41.2,38.1,3.1,0.0,16.7,1.4,0.26,0.11,0.79,0.0,42.0,0.0,252.0,0.0,0.39,81.0,,,,,,,,,,,,,,,,,,,,
020104,Haba seca,1.0,307.0,10.4,0.0,26.1,33.3,30.8,2.5,0.0,25.0,2.1,0.3,0.3,1.1,0.0,5.3,0.0,32.0,0.0,0.09,19.0,,,,,,,,,,,,,,,,,,,,
020105,Harina de algarrobo,1.0,300.0,3.6,0.0,4.6,49.1,0.0,49.1,0.0,39.8,0.65,0.09,0.02,0.22,0.0,1.3,0.0,8.0,0.0,0.63,,,,,,,,,,,,,,,,,,,,,
020106,Judía blanca,1.0,284.0,15.5,0.0,21.1,34.7,32.7,2.0,0.0,23.2,1.6,0.43,0.14,0.69,0.0,67.0,0.0,400.0,0.0,0.21,19.0,,,,,,,,,,,,,,,,,,,,
020107,Judía pinta,1.0,292.0,11.8,0.0,23.6,35.1,32.9,2.2,0.0,24.9,0.83,0.12,0.064,0.46,0.0,67.0,0.0,400.0,0.0,0.22,19.0,,,,,,,,,,,,,,,,,,,,
020108,Lenteja,1.0,305.0,14.8,0.0,23.2,40.6,39.5,1.1,0.0,17.0,1.7,0.23,0.3,0.84,0.0,10.0,0.0,60.0,0.0,1.8,123.0,,,,,,,,,,,,,,,,,,,,
020109,Soja,1.0,373.0,14.0,0.0,34.7,6.3,0.62,5.7,0.0,22.0,18.3,2.4,4.1,10.7,0.0,63.4,0.0,380.0,0.0,1.5,47.0,,,,,,,,,,,,,,,,,,,,
020201,Cocido madrileño en conserva,1.0,139.0,74.2,0.0,6.9,9.6,8.9,0.7,0.0,1.5,7.8,2.7,,,,,,,,,,,,,,,,,,,,,,,,,,,,,
020202,Garbanzo en conserva,1.0,120.0,71.7,0.0,7.2,14.1,13.7,0.4,0.0,4.1,2.9,0.31,0.72,1.3,0.0,3.5,0.0,21.0,0.0,1.6,132.0,,,,,,,,,,,,,,,,,,,,
020203,Judía blanca en conserva,1.0,101.0,72.9,0.0,6.7,15.7,14.7,1.0,0.0,4.4,0.3,0.07,0.01,0.12,0.0,0.0,0.0,0.0,0.0,0.2,9.5,,,,,,,,,,,,,,,,,,,,
020204,Judía pinta en conserva,1.0,84.2,76.9,0.0,8.4,9.9,9.4,0.5,0.0,4.6,0.2,0.0,0.0,0.16,0.0,0.0,0.0,0.0,0.0,0.24,9.5,,,,,,,,,,,,,,,,,,,,
020205,Lenteja en conserva,1.0,109.0,71.9,0.0,8.8,14.9,14.5,0.4,0.0,3.8,0.7,0.1,0.1,0.3,0.0,0.0,0.0,,0.0,0.0,61.5,,,,,,,,,,,,,,,,,,,,
020301,Batido fermentado de soja,1.0,82.4,85.9,0.0,5.0,3.9,0.0,3.9,3.9,0.0,5.2,0.6,1.0,2.6,0.0,,,,0.0,0.74,,,,,,,,,,,,,,,,,,,,,
020302,Bebida de soja,1.0,54.8,87.9,0.0,3.2,5.8,0.0,5.8,5.8,1.3,1.8,0.21,0.31,0.8,0.0,2.0,0.0,12.0,0.0,0.74,,,,,,,,,,,,,,,,,,,,,
020303,Brote de soja,1.0,54.6,86.4,0.0,5.5,4.7,2.3,2.3,0.0,2.4,1.0,0.14,0.23,0.58,0.0,4.2,0.0,25.0,0.0,0.1,,,,,,,,,,,,,,,,,,,,,
020304,Fideos de soja,1.0,340.0,13.1,0.0,0.09,83.2,77.0,2.0,0.0,3.3,0.07,0.0,0.016,0.041,,8.3,,50.0,,,,,,,,,,,,,,,,,,,,,,,
020305,Hamburguesa vegetal,1.0,192.0,57.4,0.0,15.7,15.7,13.8,1.9,0.0,4.9,6.3,1.4,1.8,2.0,5.0,1.7,0.0,10.0,0.0,0.23,4.2,,,,,,,,,,,,,,,,,,,,
020306,Harina de soja,1.0,475.0,5.0,0.0,36.8,23.5,10.8,12.7,0.0,11.2,23.5,2.9,11.4,4.5,0.0,0.0,0.0,0.0,0.0,1.5,70.0,,,,,,,,,,,,,,,,,,,,
020307,Lecitina de soja,1.0,501.0,41.1,0.0,0.0,5.9,3.0,2.9,0.0,,53.0,13.0,5.0,35.0,0.0,0.0,0.0,0.0,,,,,,,,,,,,,,,,,,,,,,,
020308,"Lentejas, brotes",1.0,129.0,67.7,0.0,9.0,22.1,,,0.0,,0.55,0.057,0.1,0.22,0.0,2.0,0.0,,0.0,,,,,,,,,,,,,,,,,,,,,,
020309,Miso,1.0,218.0,43.0,0.0,11.7,26.5,20.3,6.2,0.0,5.4,6.0,1.1,1.2,3.2,0.0,8.7,0.0,52.0,0.0,0.01,29.3,,,,,,,,,,,,,,,,,,,,
020310,Salchicha vegetal,1.0,283.0,50.4,0.0,18.5,9.8,9.8,0.0,0.0,2.8,18.2,2.9,4.5,9.3,0.0,0.0,0.0,0.0,0.0,2.1,,,,,,,,,,,,,,,,,,,,,
020311,Tempeh,1.0,104.0,76.0,0.0,18.0,3.5,3.0,0.5,0.0,,1.5,,,,0.0,0.0,0.0,0.0,0.0,,,,,,,,,,,,,,,,,,,,,,
020312,Tofu,1.0,89.4,83.5,0.0,8.1,3.3,1.6,1.6,0.0,0.3,4.8,0.69,1.1,2.7,0.0,2.2,0.0,12.9,0.0,0.95,,,,,,,,,,,,,,,,,,,,,
030101,Acedera,1.0,32.9,91.2,0.0,2.0,3.2,,,0.0,2.9,0.7,,,,,200.0,0.0,1200.0,0.0,,,,,,,,,,,,,,,,,,,,,,
030102,Acelga,0.88,29.8,92.2,0.0,1.9,4.5,3.5,1.0,0.0,1.2,0.2,0.03,0.04,0.07,0.0,227.0,0.0,1360.0,0.0,0.03,200.0,,,,,,,,,,,,,,,,,,,,
030103,Ajo,0.79,119.0,70.0,0.0,4.3,24.3,21.8,2.2,0.0,1.2,0.23,0.05,0.03,0.1,0.0,0.0,0.0,5.0,0.0,0.011,1.4,,,,,,,,,,,,,,,,,,,,
030104,Alcachofa,0.48,43.9,83.8,0.0,2.4,2.9,0.0,2.9,0.0,10.8,0.12,0.028,0.004,0.05,0.0,7.8,0.0,47.0,0.0,0.19,14.0,,,,,,,,,,,,,,,,,,,,
030105,Apio,0.8,19.4,94.7,0.0,1.2,2.5,0.0,2.5,0.0,1.4,0.2,0.053,0.04,0.099,0.0,8.3,0.0,50.0,0.0,0.2,12.0,,,,,,,,,,,,,,,,,,,,
030106,Berenjena,0.85,21.4,93.7,0.0,1.3,2.4,0.19,2.2,0.0,2.5,0.18,0.034,0.016,0.076,0.0,8.4,0.0,50.6,0.0,0.03,3.5,,,,,,,,,,,,,,,,,,,,
030107,Berro,0.62,20.1,94.6,0.0,1.6,2.0,0.0,2.0,0.0,1.5,0.3,0.081,0.024,0.11,0.0,987.0,0.0,5919.0,0.0,1.5,542.0,,,,,,,,,,,,,,,,,,,,
030108,Borraja,0.8,25.9,94.4,0.0,1.8,3.1,,,0.0,0.0,0.7,0.17,0.21,0.11,0.0,210.0,0.0,35.0,13.0,,,,,,,,,,,,,,,,,,,,,,
030109,Brécol,0.61,33.0,90.6,0.0,3.6,2.7,0.0,2.7,0.0,3.0,0.2,0.031,0.014,0.095,0.0,71.1,0.0,427.0,0.0,0.62,154.0,,,,,,,,,,,,,,,,,,,,
030110,Brotes de bambú fresco,1.0,38.3,89.7,0.0,2.6,5.2,2.2,3.0,0.0,2.2,0.3,0.069,0.007,0.13,0.0,1.0,0.0,12.0,0.0,1.0,,,,,,,,,,,,,,,,,,,,,
030111,Calabacín,0.88,23.3,94.0,0.0,1.9,2.0,0.08,1.9,0.0,1.6,0.5,0.1,0.1,0.1,0.0,47.8,0.0,287.0,0.0,0.06,4.3,,,,,,,,,,,,,,,,,,,,
030112,Calabaza,0.67,28.4,92.0,0.0,1.1,4.6,0.7,3.9,0.0,2.2,0.13,0.068,0.017,0.007,0.0,128.0,0.0,766.0,0.0,1.1,1.1,,,,,,,,,,,,,,,,,,,,
030113,Canónigos,0.57,16.6,95.6,0.0,1.8,0.7,,,0.0,1.5,0.4,,,,0.0,443.0,0.0,2655.0,0.0,1.0,,,,,,,,,,,,,,,,,,,,,
030114,Cardo,0.6,16.9,94.9,0.0,0.8,2.2,0.3,1.9,0.0,2.0,0.1,0.011,0.018,0.041,0.0,0.0,0.0,0.0,0.0,0.9,12.0,,,,,,,,,,,,,,,,,,,,
030115,Cebolla,0.91,31.9,91.5,0.0,1.2,5.3,0.0,5.3,0.0,1.8,0.25,0.094,0.0,0.11,0.0,0.17,0.0,1.0,0.0,0.45,0.7,,,,,,,,,,,,,,,,,,,,
030116,Chile rojo,1.0,37.0,90.3,0.0,1.0,6.4,1.8,4.6,0.0,1.9,0.4,0.1,0.0,0.2,0.0,95.3,0.0,572.0,0.0,0.8,,,,,,,,,,,,,,,,,,,,,
030117,Chile verde,1.0,20.1,94.4,0.0,0.8,2.6,0.93,1.7,0.0,1.9,0.3,0.1,0.0,0.2,0.0,37.0,0.0,222.0,0.0,0.8,,,,,,,,,,,,,,,,,,,,,
030118,Chirivía,1.0,70.1,81.7,0.0,1.8,11.1,5.6,5.4,0.0,4.3,1.1,0.2,0.5,0.2,0.0,5.0,0.0,30.0,0.0,1.0,,,,,,,,,,,,,,,,,,,,,
030119,Col,0.77,30.2,90.6,0.0,1.4,4.2,0.03,4.1,0.0,3.0,0.2,0.038,0.0041,0.11,0.0,12.0,0.0,69.0,,1.7,70.0,,,,,,,,,,,,,,,,,,,,
030120,Col de Bruselas,0.78,42.7,87.5,0.0,4.4,3.3,0.49,2.8,0.0,4.4,0.34,0.047,0.007,0.24,0.0,12.8,0.0,77.0,0.0,0.56,236.0,,,,,,,,,,,,,,,,,,,,
030121,Col rizada,0.85,43.7,88.1,0.0,4.3,2.5,0.0,2.5,0.0,4.2,0.9,0.11,0.017,0.49,0.0,867.0,0.0,5200.0,0.0,1.7,817.0,,,,,,,,,,,,,,,,,,,,
030122,Coliflor,0.8,27.5,92.0,0.0,2.4,2.4,0.29,2.1,0.0,2.9,0.28,0.042,0.006,0.14,0.0,0.33,0.0,2.0,0.0,0.21,57.0,,,,,,,,,,,,,,,,,,,,
030123,Endivia,0.83,23.6,93.7,0.0,1.1,3.6,0.0,3.6,0.0,1.3,0.24,0.04,0.02,0.13,0.0,251.0,0.0,1506.0,0.1,1.0,231.0,,,,,,,,,,,,,,,,,,,,
030124,Escarola,0.79,17.4,94.6,0.0,1.6,1.0,0.0,1.0,0.0,2.6,0.2,0.0,0.0,0.1,0.0,94.0,0.0,,0.0,0.6,200.0,,,,,,,,,,,,,,,,,,,,
030125,Esparrago verde,0.75,21.2,94.2,0.0,2.3,2.0,0.0,2.0,0.0,1.3,0.16,0.032,0.003,0.076,0.0,54.8,0.0,329.0,0.0,2.0,40.0,,,,,,,,,,,,,,,,,,,,
030126,Espinaca,0.81,20.7,93.9,0.0,2.6,0.61,0.14,0.47,0.0,2.6,0.3,0.03,0.015,0.16,0.0,542.0,0.0,3254.0,0.0,1.4,307.0,,,,,,,,,,,,,,,,,,,,
030127,Grelo,0.81,20.8,93.1,0.0,2.7,0.1,0.0,0.1,0.0,3.9,0.2,0.05,0.04,0.1,0.0,579.0,0.0,,0.0,2.0,307.0,,,,,,,,,,,,,,,,,,,,
030128,Guisante verde,0.37,90.7,76.0,0.0,6.9,11.3,10.1,1.2,0.0,4.9,0.9,0.1,0.1,0.5,0.0,60.5,0.0,363.0,0.0,0.23,29.0,,,,,,,,,,,,,,,,,,,,
030129,Haba fresca,0.4,50.4,85.1,0.0,5.4,4.2,3.8,0.4,0.0,5.1,0.2,0.03,0.04,0.09,0.0,18.0,0.0,,0.0,0.46,43.0,,,,,,,,,,,,,,,,,,,,
030130,Judía verde,0.91,36.4,90.4,0.0,2.4,4.2,2.0,2.2,0.0,2.4,0.58,0.07,0.06,0.23,0.0,30.6,0.0,184.0,0.0,0.28,43.0,,,,,,,,,,,,,,,,,,,,
030131,Lechuga,0.74,19.6,95.1,0.0,1.4,1.4,0.036,1.4,0.0,1.5,0.6,0.12,0.0062,0.37,0.0,29.2,0.0,175.0,0.0,0.6,113.0,,,,,,,,,,,,,,,,,,,,
030132,Lombarda,0.81,26.6,92.3,0.0,1.5,3.5,0.072,3.5,0.0,2.5,0.18,0.036,0.006,0.098,0.0,2.5,0.0,15.0,0.0,1.7,25.0,,,,,,,,,,,,,,,,,,,,
030133,Nopal,0.96,23.6,93.1,0.0,1.3,3.3,2.1,1.2,0.0,2.2,0.09,0.016,0.018,0.05,0.0,45.7,0.0,274.0,0.0,0.0,5.3,,,,,,,,,,,,,,,,,,,,
030134,Pepino,0.77,13.3,96.6,0.0,0.63,1.9,0.08,1.8,0.0,0.7,0.2,0.069,0.008,0.088,0.0,28.2,0.0,169.0,0.0,0.39,13.0,,,,,,,,,,,,,,,,,,,,
030135,Pimiento rojo,0.83,33.1,92.2,0.0,1.3,4.2,0.0,4.2,0.0,1.5,0.9,0.3,0.0,0.3,0.0,539.0,0.0,3236.0,0.0,0.8,17.0,,,,,,,,,,,,,,,,,,,,
030136,Pimiento verde,0.84,19.7,95.2,0.0,0.63,1.6,0.07,1.5,0.0,1.8,0.8,0.3,0.1,0.3,0.0,32.8,0.0,197.0,0.0,0.87,11.0,,,,,,,,,,,,,,,,,,,,
030137,Puerro,0.86,29.2,92.0,0.0,2.2,3.3,0.12,3.1,0.0,2.3,0.29,0.078,0.013,0.18,0.0,123.0,0.0,739.0,0.0,0.53,47.0,,,,,,,,,,,,,,,,,,,,
030138,Repollo,0.77,32.1,91.4,0.0,1.7,4.1,0.09,4.0,0.0,2.4,0.45,0.1,0.047,0.3,0.0,64.2,0.0,385.0,0.0,0.2,70.0,,,,,,,,,,,,,,,,,,,,
030139,Rúcula,1.0,34.3,91.7,0.0,2.6,3.7,1.6,2.1,0.0,1.6,0.66,0.086,0.049,0.32,0.0,596.0,0.0,3575.0,0.0,0.43,,,,,,,,,,,,,,,,,,,,,
030140,Tomate,0.94,22.2,94.0,0.0,0.88,3.5,0.1,3.4,0.0,1.4,0.21,0.037,0.025,0.1,0.0,217.0,0.0,1302.0,0.0,0.89,5.7,,,,,,,,,,,,,,,,,,,,
030141,"Tomate, Cherry",1.0,33.0,92.0,0.0,0.8,5.0,0.03,3.0,0.0,1.3,0.8,0.018,0.019,0.053,0.0,132.0,0.0,792.0,0.0,1.2,,,,,,,,,,,,,,,,,,,,,
030201,Alcachofa congelada,1.0,37.7,89.1,0.0,2.6,3.9,0.9,3.0,0.0,3.9,0.43,0.099,0.012,0.18,0.0,8.0,0.0,48.0,0.0,0.19,14.0,,,,,,,,,,,,,,,,,,,,
030202,Espinaca congelada,1.0,32.4,91.4,0.0,3.1,1.2,0.36,0.87,0.0,3.1,1.0,0.3,0.1,0.4,0.0,716.0,0.0,4298.0,0.0,1.6,377.0,,,,,,,,,,,,,,,,,,,,
030203,Guisante congelado,1.0,74.0,79.9,0.0,6.0,9.5,4.1,5.4,0.0,4.2,0.4,0.15,0.13,0.05,0.0,67.5,0.0,405.0,0.0,0.18,23.5,,,,,,,,,,,,,,,,,,,,
030204,Judía verde congelada,1.0,36.5,90.4,0.0,1.9,3.6,1.5,2.1,0.0,3.2,0.9,0.3,0.1,0.4,0.0,19.7,0.0,118.0,0.0,0.12,47.0,,,,,,,,,,,,,,,,,,,,
030205,Menestra congelada,1.0,63.9,82.7,0.0,3.3,9.5,4.3,5.2,0.0,4.0,0.52,0.098,0.031,0.24,0.0,420.0,0.0,2520.0,0.0,0.3,30.0,,,,,,,,,,,,,,,,,,,,
030301,Acelga en conserva,1.0,15.3,94.5,0.0,1.8,1.2,0.2,1.0,0.0,1.3,0.08,0.012,0.016,0.028,0.0,612.0,0.0,3675.0,0.0,1.9,327.0,,,,,,,,,,,,,,,,,,,,
030302,Alcachofa en conserva,1.0,36.6,86.3,0.0,2.9,1.2,0.0,1.2,0.0,9.4,0.16,0.037,0.005,0.068,0.0,1.3,0.0,8.0,0.0,0.2,14.0,,,,,,,,,,,,,,,,,,,,
030303,Apio en conserva,1.0,32.3,91.3,0.0,0.5,5.9,4.4,1.5,0.0,2.0,0.3,0.09,0.09,0.09,0.0,8.3,0.0,50.0,0.0,0.2,15.5,,,,,,,,,,,,,,,,,,,,
030304,Brotes de bambú en conserva,1.0,26.0,94.3,0.0,1.7,3.2,1.3,1.9,0.0,1.4,0.4,0.092,0.009,0.18,0.0,1.0,0.0,8.0,0.0,0.63,,,,,,,,,,,,,,,,,,,,,
030305,Cardo en conserva,1.0,15.8,95.0,0.0,0.76,2.1,1.8,0.3,0.0,1.7,0.11,0.012,0.02,0.044,0.0,6.0,0.0,36.0,,0.9,12.0,,,,,,,,,,,,,,,,,,,,
030306,Chucrut en conserva,1.0,22.5,93.7,0.0,1.5,2.4,1.1,1.3,0.0,2.1,0.3,0.026,0.01,0.051,0.0,3.0,0.0,18.0,0.0,0.14,,,,,,,,,,,,,,,,,,,,,
030307,Esparrago de lata,1.0,18.8,95.1,0.0,1.9,1.5,0.0,1.5,0.0,1.2,0.31,0.071,0.01,0.14,0.0,46.3,0.0,278.0,0.0,0.4,40.0,,,,,,,,,,,,,,,,,,,,
030308,Espinaca en conserva,1.0,27.8,92.9,0.0,3.1,2.3,1.8,0.5,0.0,1.3,0.4,0.1,0.0,0.1,0.0,13.7,0.0,82.3,0.0,16.7,290.0,,,,,,,,,,,,,,,,,,,,
030309,Guisante en conserva,1.0,88.9,76.4,0.0,5.3,12.4,9.9,2.5,0.0,5.0,0.9,0.2,0.1,0.4,0.0,75.0,0.0,450.0,0.0,0.22,26.0,,,,,,,,,,,,,,,,,,,,
030310,Judía verde en conserva,1.0,15.1,95.6,0.0,1.2,1.6,0.53,1.1,0.0,1.5,0.1,0.023,0.004,0.052,0.0,33.3,0.0,200.0,0.0,0.05,47.0,,,,,,,,,,,,,,,,,,,,
030311,Menestra en conserva,1.0,48.3,87.5,0.0,2.0,8.5,4.9,3.6,0.0,1.7,0.32,0.1,0.016,0.2,0.0,,0.0,,0.0,0.5,12.2,,,,,,,,,,,,,,,,,,,,
030312,Palmito en conserva,1.0,43.2,89.2,0.0,2.8,8.0,0.0,8.0,0.0,0.0,0.0,0.0,0.0,0.0,0.0,0.0,0.0,,0.0,0.9,0.0,,,,,,,,,,,,,,,,,,,,
030313,Pimiento del piquillo en conserva,1.0,32.2,91.7,0.0,1.2,5.2,0.1,5.1,0.0,1.5,0.4,0.1,0.013,0.2,0.0,630.0,0.0,3780.0,0.0,0.9,5.1,,,,,,,,,,,,,,,,,,,,
030314,Pimiento morrón en conserva,1.0,29.4,91.7,0.0,1.2,4.5,1.6,2.9,0.0,1.5,0.4,0.1,0.013,0.2,0.0,630.0,0.0,3780.0,0.0,0.9,5.1,,,,,,,,,,,,,,,,,,,,
030315,Pimiento rojo asado en conserva,1.0,33.0,91.7,0.0,1.2,5.4,1.6,3.8,0.0,1.5,0.4,0.1,0.013,0.2,0.0,630.0,0.0,3780.0,0.0,0.9,5.1,,,,,,,,,,,,,,,,,,,,
030316,Puerro en conserva,1.0,38.1,90.0,0.0,1.2,5.4,4.1,1.3,0.0,2.7,0.7,0.1,0.003,0.4,0.0,95.8,0.0,575.0,0.0,0.78,47.0,,,,,,,,,,,,,,,,,,,,
030318,Tomate frito en conserva,1.0,78.3,83.9,0.0,0.82,9.9,5.4,4.5,3.6,1.8,3.5,0.49,2.5,0.44,0.0,68.5,16.0,315.0,0.27,0.58,3.2,,,,,,,,,,,,,,,,,,,,
030319,Tomate pelado enlatado,1.0,30.6,92.1,0.0,1.1,6.0,1.2,4.8,0.0,0.66,0.19,0.04,0.021,0.08,0.0,106.0,0.0,636.0,0.0,1.2,3.2,,,,,,,,,,,,,,,,,,,,
030320,Tomate triturado,1.0,31.1,91.4,0.0,0.8,5.8,1.1,4.7,3.8,1.9,0.1,0.0,,,0.0,207.0,0.0,1242.0,0.0,0.83,3.2,,,,,,,,,,,,,,,,,,,,
030401,Zumo de aloe vera,1.0,15.0,96.2,0.0,0.0,3.8,0.0,3.8,0.0,0.0,0.0,0.0,0.0,0.0,0.0,0.0,0.0,0.0,0.0,0.0,0.0,,,,,,,,,,,,,,,,,,,,
030402,Zumo de tomate natural,1.0,16.7,95.6,0.0,0.76,3.0,0.1,2.8,0.0,0.6,0.05,0.0066,0.0075,0.02,0.0,70.5,0.0,423.0,0.0,1.0,4.0,,,,,,,,,,,,,,,,,,,,
030403,Zumo de zanahoria natural,1.0,24.3,93.9,0.0,0.63,4.8,0.0,4.8,0.0,0.62,0.15,0.027,0.007,0.071,0.0,437.0,0.0,2622.0,0.0,0.56,15.0,,,,,,,,,,,,,,,,,,,,
030501,Boniato,0.84,114.0,70.5,0.0,1.6,24.1,19.5,4.6,0.0,3.1,0.6,0.23,0.04,0.2,0.0,1581.0,0.0,9488.0,0.0,4.6,1.8,,,,,,,,,,,,,,,,,,,,
030502,Fécula de patata,1.0,375.0,3.8,0.0,6.9,83.1,79.6,3.5,0.0,5.9,0.34,0.09,0.008,0.15,0.0,0.0,0.0,0.0,0.0,0.25,,,,,,,,,,,,,,,,,,,,,
030503,Harina de tapioca,1.0,382.0,4.6,0.0,0.5,94.3,94.3,0.0,0.0,0.4,0.2,0.05,0.05,0.03,0.0,0.0,0.0,0.0,0.0,0.0,,,,,,,,,,,,,,,,,,,,,
030504,Nabo,0.75,31.8,90.6,0.0,1.0,4.7,0.69,4.0,0.0,3.5,0.22,0.052,0.015,0.088,0.0,12.0,0.0,72.0,0.0,0.0,0.1,,,,,,,,,,,,,,,,,,,,
030505,Patata nueva,0.8,73.6,80.7,0.0,2.3,14.8,14.1,0.7,0.0,2.1,0.11,0.026,0.002,0.056,0.0,0.17,0.0,1.0,0.0,0.053,2.1,,,,,,,,,,,,,,,,,,,,
030506,Patata vieja,0.8,78.7,79.7,0.0,2.2,16.1,15.4,0.7,0.0,1.8,0.21,0.05,0.0,0.11,0.0,0.17,0.0,1.0,0.0,0.06,,,,,,,,,,,,,,,,,,,,,
030507,Rábano,0.81,17.3,95.0,0.0,1.1,2.1,0.0,2.1,0.0,1.6,0.14,0.033,0.017,0.055,0.0,3.8,0.0,23.0,0.0,0.001,1.3,,,,,,,,,,,,,,,,,,,,
030508,Remolacha,0.8,46.1,87.3,0.0,1.6,8.4,0.0,8.4,0.0,2.6,0.1,0.018,0.0099,0.049,0.0,1.8,0.0,11.0,0.0,0.047,0.2,,,,,,,,,,,,,,,,,,,,
030509,Tapioca,1.0,345.0,13.9,0.0,0.58,84.9,84.9,0.0,0.0,0.4,0.2,0.05,0.05,0.03,0.0,0.0,0.0,0.0,0.0,0.0,0.0,,,,,,,,,,,,,,,,,,,,
030510,"Yuca, mandioca, casava",1.0,164.0,58.4,0.0,1.4,38.1,36.4,1.7,0.0,1.8,0.3,0.07,0.08,0.05,0.0,1.3,0.0,8.0,0.0,0.19,,,,,,,,,,,,,,,,,,,,,
030511,Zanahoria,0.87,39.8,89.1,0.0,1.3,6.9,0.0,6.9,0.0,2.6,0.2,0.039,0.0032,0.12,0.0,1455.0,0.0,8731.0,0.0,0.55,15.0,,,,,,,,,,,,,,,,,,,,
030601,Remolacha en conserva,1.0,39.1,88.3,0.0,2.3,6.4,0.8,5.6,0.0,1.7,0.1,0.0,0.0,0.09,0.0,4.5,0.0,27.0,0.0,0.047,0.2,,,,,,,,,,,,,,,,,,,,
030602,Zanahoria en conserva,1.0,26.8,92.3,0.0,0.8,4.2,0.4,3.7,0.0,2.5,0.2,0.036,0.01,0.093,0.0,484.0,0.0,2904.0,0.0,0.64,9.8,,,,,,,,,,,,,,,,,,,,
030701,Champiñón,0.8,34.0,92.1,0.0,4.3,0.54,0.0,0.54,0.0,1.9,1.2,0.2,0.06,0.71,0.0,0.0,0.0,0.0,0.0,0.13,14.0,,,,,,,,,,,,,,,,,,,,
030702,Níscalo,0.61,23.8,92.7,0.0,1.6,0.2,0.0,0.2,0.0,4.7,0.8,0.1,0.0,0.5,0.0,0.0,0.0,0.0,2.1,0.13,14.0,,,,,,,,,,,,,,,,,,,,
030703,Trufa cruda,1.0,126.0,61.0,0.0,9.0,13.0,,,0.0,16.5,0.5,,,,0.0,,0.0,,,,,,,,,,,,,,,,,,,,,,,,
030801,Champiñón en conserva,1.0,21.4,94.6,0.0,3.4,0.07,0.0,0.07,0.0,1.5,0.5,0.066,0.009,0.2,0.0,0.0,0.0,0.0,0.0,0.12,14.0,,,,,,,,,,,,,,,,,,,,
030802,"Hongos desecados, shiitake",1.0,344.0,9.5,0.0,9.6,68.4,66.2,2.2,0.0,11.5,0.99,0.23,0.32,0.15,0.0,0.0,0.0,0.0,3.9,0.0,,,,,,,,,,,,,,,,,,,,,
030901,Alga agar cruda,1.0,29.0,92.6,0.0,0.54,6.4,6.1,0.28,0.0,0.5,0.03,0.006,0.003,0.01,0.0,0.0,0.0,0.0,0.0,0.87,2.3,,,,,,,,,,,,,,,,,,,,
030902,Alga agar desecada,1.0,336.0,8.7,0.0,6.2,73.2,70.2,3.0,0.0,7.7,0.3,0.061,0.027,0.1,0.0,0.0,0.0,0.0,0.0,5.0,24.4,,,,,,,,,,,,,,,,,,,,
030903,Alga espirulina desecada,1.0,391.0,4.0,0.0,58.2,20.3,16.9,3.1,0.0,3.6,7.7,2.7,0.68,2.1,0.0,57.0,0.0,342.0,0.0,5.0,25.5,,,,,,,,,,,,,,,,,,,,
030904,Alga Kelp cruda,1.0,47.6,87.4,0.0,1.7,8.3,7.7,0.6,0.0,1.3,0.56,0.25,0.098,0.047,0.0,11.7,0.0,70.0,0.0,0.87,66.0,,,,,,,,,,,,,,,,,,,,
030905,Alga Kelp desecada,1.0,246.0,12.3,0.0,7.9,49.7,0.0,49.7,0.0,5.3,0.6,0.2,0.1,0.042,0.0,73.3,0.0,440.0,0.0,0.87,,,,,,,,,,,,,,,,,,,,,
030906,Alga Laver cruda,1.0,45.5,85.0,0.0,5.8,4.8,4.3,0.49,0.0,0.3,0.28,0.061,0.025,0.11,0.0,520.0,0.0,3121.0,0.0,1.0,4.0,,,,,,,,,,,,,,,,,,,,
030907,Alga Laver desecada,1.0,225.0,8.7,0.0,30.7,0.0,0.0,0.0,0.0,44.4,1.5,0.33,0.13,0.59,0.0,2485.0,0.0,14910.0,0.0,1.0,,,,,,,,,,,,,,,,,,,,,
030908,Alga musgo de Irlanda cruda,1.0,54.0,81.3,0.0,1.5,11.0,10.4,0.61,0.0,1.3,0.16,0.033,0.015,0.055,0.0,6.0,0.0,,0.0,0.87,66.9,,,,,,,,,,,,,,,,,,,,
030909,Alga Spirulina cruda,1.0,37.1,90.7,0.0,5.9,2.4,2.0,0.36,0.0,0.4,0.39,0.14,0.035,0.11,0.0,5.5,0.0,33.0,0.0,0.49,2.5,,,,,,,,,,,,,,,,,,,,
030910,Alga Wakame cruda,1.0,53.6,86.0,0.0,3.0,8.7,8.0,0.65,0.0,0.5,0.64,0.13,0.058,0.22,0.0,36.0,0.0,216.0,0.0,1.0,71.7,,,,,,,,,,,,,,,,,,,,
030911,Alga Wakame desecada,1.0,165.0,12.2,0.0,12.4,0.0,0.0,0.0,0.0,47.1,2.4,0.49,0.22,0.82,0.0,86.0,0.0,515.0,0.0,1.0,,,,,,,,,,,,,,,,,,,,,
040101,Aguacate,0.71,233.0,67.9,0.0,1.9,0.4,0.0,0.4,0.0,6.3,23.5,1.9,15.5,1.9,0.0,19.3,0.0,116.0,0.0,1.3,19.0,,,,,,,,,,,,,,,,,,,,
040102,Albaricoque,0.92,41.4,88.9,0.0,0.88,8.5,0.0,8.5,0.0,1.5,0.1,0.01,0.04,0.02,0.0,26.0,0.0,156.0,0.0,0.5,3.3,,,,,,,,,,,,,,,,,,,,
040103,Arándano,0.99,42.1,87.8,0.0,0.63,6.1,0.0,6.1,0.0,4.9,0.6,0.0,0.0,0.0,0.0,34.0,0.0,204.0,0.0,1.9,12.0,,,,,,,,,,,,,,,,,,,,
040104,Caqui,0.87,74.2,80.5,0.0,0.63,16.0,0.0,16.0,0.0,2.5,0.3,0.049,0.094,0.062,0.0,267.0,0.0,1600.0,0.0,0.59,2.6,,,,,,,,,,,,,,,,,,,,
040105,Carambola,1.0,31.0,91.0,0.0,0.5,6.3,0.3,6.0,0.0,1.7,0.0,0.0,0.0,0.0,,31.0,0.0,188.0,0.0,0.5,,,,,,,,,,,,,,,,,,,,,
040106,Cereza,0.83,62.1,84.2,0.0,0.88,13.3,0.0,13.3,0.0,1.3,0.31,0.07,0.084,0.093,0.0,2.8,0.0,16.5,0.0,0.13,1.5,,,,,,,,,,,,,,,,,,,,
040107,Chirimoya,0.6,72.7,81.6,0.0,1.3,14.1,0.0,14.1,0.0,2.4,0.7,0.2,0.1,0.3,0.0,9.8,0.0,58.8,0.0,0.01,,,,,,,,,,,,,,,,,,,,,
040108,Ciruela,0.94,48.1,87.4,0.0,0.63,10.2,0.0,10.2,0.0,1.6,0.17,0.022,0.052,0.078,0.0,23.2,0.0,139.0,0.0,0.86,8.3,,,,,,,,,,,,,,,,,,,,
040109,Coco fresco,0.7,384.0,45.1,0.0,4.6,4.8,0.0,4.8,0.0,9.0,36.5,31.8,2.2,0.68,0.0,0.0,0.0,0.0,0.0,0.73,0.2,,,,,,,,,,,,,,,,,,,,
040110,Frambuesa,1.0,36.9,88.8,0.0,1.3,4.9,0.0,4.9,0.0,4.7,0.3,0.01,0.03,0.2,0.0,3.8,0.0,22.5,0.0,0.91,10.0,,,,,,,,,,,,,,,,,,,,
040111,Fresa y fresón,0.95,32.2,91.6,0.0,0.81,5.5,0.0,5.5,0.0,1.7,0.4,0.032,0.063,0.24,0.0,3.0,0.0,18.0,0.0,0.23,5.5,,,,,,,,,,,,,,,,,,,,
040112,Granada,0.56,77.2,80.4,0.0,0.69,16.1,0.0,16.1,0.0,2.3,0.6,0.076,0.09,0.13,0.0,6.7,0.0,40.0,0.0,0.55,4.6,,,,,,,,,,,,,,,,,,,,
040113,Grosella negra,0.98,45.2,85.6,0.0,1.3,6.1,0.0,6.1,0.0,6.8,0.22,0.026,0.025,0.11,0.0,13.5,0.0,81.0,0.0,1.9,30.0,,,,,,,,,,,,,,,,,,,,
040114,Grosella roja,0.99,32.4,90.4,0.0,1.1,4.8,0.0,4.8,0.0,3.5,0.2,0.039,0.029,0.073,0.0,4.2,0.0,25.0,0.0,0.72,11.0,,,,,,,,,,,,,,,,,,,,
040115,Guayaba,0.89,41.6,87.6,0.0,0.88,5.8,0.0,5.8,0.0,5.2,0.5,0.14,0.045,0.21,0.0,122.0,0.0,733.0,0.0,1.1,2.6,,,,,,,,,,,,,,,,,,,,
040116,Higo,0.81,65.3,83.3,0.0,1.3,12.9,0.0,12.9,0.0,2.0,0.5,0.089,0.098,0.21,0.0,8.0,0.0,48.0,0.0,0.89,4.7,,,,,,,,,,,,,,,,,,,,
040117,Kiwi,0.86,51.8,87.0,0.0,1.0,9.1,0.0,9.1,0.0,2.1,0.8,0.1,0.1,0.4,0.0,6.2,0.0,37.3,0.0,0.93,3.3,,,,,,,,,,,,,,,,,,,,
040118,Lima,0.7,17.0,94.6,0.0,0.5,1.9,0.0,1.9,0.0,2.8,0.2,0.022,0.019,0.055,0.0,1.7,0.0,10.0,0.0,0.8,0.6,,,,,,,,,,,,,,,,,,,,
040119,Limón,0.64,27.7,91.2,0.0,0.69,3.2,0.0,3.2,0.0,4.7,0.3,0.039,0.011,0.089,0.0,0.57,0.0,3.4,0.0,0.8,0.2,,,,,,,,,,,,,,,,,,,,
040120,Litchi,0.62,76.7,80.4,0.0,0.9,16.8,0.0,16.8,0.0,1.6,0.3,0.068,0.082,0.094,0.0,0.0,0.0,0.0,0.0,0.1,0.4,,,,,,,,,,,,,,,,,,,,
040121,Mandarina,0.76,44.7,88.2,0.0,0.63,9.2,0.0,9.2,0.0,1.8,0.2,0.022,0.034,0.037,0.0,65.0,0.0,390.0,0.0,0.29,0.0,,,,,,,,,,,,,,,,,,,,
040122,Mango,0.66,61.2,84.4,0.0,0.63,12.8,0.3,12.5,0.0,1.7,0.45,0.1,0.18,0.076,0.0,207.0,0.0,1243.0,0.0,1.0,0.7,,,,,,,,,,,,,,,,,,,,
040123,Manzana,0.89,54.1,85.9,0.0,0.31,11.4,0.6,10.8,0.0,2.0,0.36,0.058,0.15,0.11,0.0,3.0,0.0,18.0,0.0,0.36,3.7,,,,,,,,,,,,,,,,,,,,
040124,Maracuyá,0.61,54.2,86.3,0.0,2.4,9.5,0.0,9.5,0.0,1.5,0.4,0.1,0.1,0.11,0.0,109.0,0.0,653.0,0.0,0.2,0.7,,,,,,,,,,,,,,,,,,,,
040125,Melocotón,0.9,50.8,86.6,0.0,1.0,10.3,0.0,10.3,0.0,1.9,0.2,0.018,0.061,0.079,0.0,17.7,0.0,106.0,0.0,0.57,2.3,,,,,,,,,,,,,,,,,,,,
040126,Melón,0.66,55.5,85.9,0.0,0.88,12.4,0.0,12.4,0.0,0.73,0.1,0.026,0.013,0.015,0.0,112.0,0.0,671.0,0.0,0.14,0.52,,,,,,,,,,,,,,,,,,,,
040127,Membrillo,0.65,47.3,85.8,0.0,0.44,7.3,0.0,7.3,0.0,5.9,0.5,0.037,0.15,0.2,0.0,5.5,0.0,33.0,0.0,0.89,,,,,,,,,,,,,,,,,,,,,
040128,Mora,1.0,45.0,88.4,0.0,1.2,6.2,0.0,6.2,0.0,3.2,1.0,0.0,0.4,0.4,0.0,45.0,0.0,270.0,0.0,0.72,10.0,,,,,,,,,,,,,,,,,,,,
040129,Naranja,0.7,45.5,87.7,0.0,0.87,8.9,0.0,8.9,0.0,2.3,0.2,0.028,0.055,0.076,0.0,33.5,0.0,201.0,0.0,0.81,3.8,,,,,,,,,,,,,,,,,,,,
040130,Nectarina,0.9,49.7,86.6,0.0,0.9,10.2,0.0,10.2,0.0,2.2,0.1,0.011,0.033,0.049,0.0,8.7,0.0,52.0,0.0,0.5,3.0,,,,,,,,,,,,,,,,,,,,
040131,Níspero,0.62,42.6,88.6,0.0,0.56,8.6,0.0,8.6,0.0,2.1,0.2,0.043,0.0091,0.1,0.0,133.0,0.0,800.0,0.0,0.89,3.3,,,,,,,,,,,,,,,,,,,,
040132,Papaya,0.72,35.0,90.4,0.0,0.5,7.1,0.0,7.1,0.0,1.9,0.09,0.027,0.025,0.02,0.0,153.0,0.0,915.0,0.0,1.1,2.6,,,,,,,,,,,,,,,,,,,,
040133,Pera,0.91,49.4,86.7,0.0,0.43,10.6,0.0,10.6,0.0,2.2,0.1,0.014,0.022,0.044,0.0,2.7,0.0,16.2,0.0,0.89,4.9,,,,,,,,,,,,,,,,,,,,
040134,Piña,0.57,50.8,86.9,0.0,0.44,10.4,0.0,10.4,0.0,1.9,0.4,0.0,0.1,0.1,0.0,6.1,0.0,36.8,0.0,0.13,0.1,,,,,,,,,,,,,,,,,,,,
040135,Plátano,0.66,95.2,75.3,0.0,1.1,20.8,3.2,17.6,0.0,2.6,0.27,0.12,0.04,0.09,0.0,38.0,0.0,228.0,0.0,0.23,0.26,,,,,,,,,,,,,,,,,,,,
040136,Plátano macho o hartón,1.0,141.0,64.1,0.0,1.3,31.9,16.9,15.0,0.0,2.3,0.37,0.14,0.032,0.069,0.0,149.0,0.0,895.0,0.0,0.14,,,,,,,,,,,,,,,,,,,,,
040137,Pomelo,0.68,36.7,90.2,0.0,0.63,7.4,0.0,7.4,0.0,1.6,0.15,0.035,0.029,0.056,0.0,219.0,0.0,1313.0,0.0,0.3,0.0,,,,,,,,,,,,,,,,,,,,
040138,Sandia,0.56,28.4,93.1,0.0,0.63,5.6,0.0,5.6,0.0,0.4,0.3,0.1,0.0,0.1,0.0,35.4,0.0,212.0,0.0,0.11,0.2,,,,,,,,,,,,,,,,,,,,
040139,"Tamarindo, pulpa",1.0,277.0,29.0,0.0,2.8,62.5,5.1,57.4,0.0,5.1,0.6,0.27,0.18,0.06,0.0,2.0,0.0,12.0,0.0,0.1,,,,,,,,,,,,,,,,,,,,,
040140,Uva blanca,0.94,70.3,82.2,0.0,0.72,16.1,0.0,16.1,0.0,0.8,0.16,0.054,0.007,0.048,0.0,6.6,0.0,39.5,0.0,0.94,14.6,,,,,,,,,,,,,,,,,,,,
040141,Uva negra,0.94,67.1,83.2,0.0,0.72,15.5,0.0,15.5,0.0,0.4,0.16,0.054,0.007,0.048,0.0,6.6,0.0,39.5,0.0,0.7,14.6,,,,,,,,,,,,,,,,,,,,
040201,Albaricoque seco (orejones),1.0,283.0,26.2,0.0,3.4,62.6,0.35,53.4,0.0,7.3,0.51,0.017,0.074,0.074,0.0,361.0,0.0,2163.0,0.0,4.3,3.1,,,,,,,,,,,,,,,,,,,,
040202,Ciruela seca,0.84,219.0,35.0,0.0,2.2,42.4,0.0,42.4,0.0,17.8,0.52,0.041,0.34,0.11,0.0,78.2,0.0,469.0,0.0,2.3,59.5,,,,,,,,,,,,,,,,,,,,
040203,Coco rallado,1.0,633.0,12.3,0.0,5.6,6.4,0.0,6.4,0.0,13.7,62.0,53.4,3.5,1.5,0.0,0.0,0.0,0.0,0.0,1.3,0.3,,,,,,,,,,,,,,,,,,,,
040204,Dátil,0.84,289.0,23.9,0.0,1.9,65.1,0.0,65.1,0.0,8.7,0.45,0.15,0.15,0.03,0.0,5.7,0.0,34.0,0.0,0.05,2.7,,,,,,,,,,,,,,,,,,,,
040205,Higo seco,1.0,272.0,24.7,0.0,3.6,55.1,0.0,55.1,0.0,12.9,1.3,0.26,0.29,0.62,0.0,8.5,0.0,51.0,0.0,0.35,15.6,,,,,,,,,,,,,,,,,,,,
040206,Melocotón seco (orejones),1.0,257.0,27.2,0.0,3.0,53.2,0.0,53.2,0.0,12.8,0.76,0.082,0.28,0.37,0.0,83.3,0.0,500.0,0.0,0.19,15.7,,,,,,,,,,,,,,,,,,,,
040207,Pasa,1.0,305.0,21.2,0.0,2.5,69.3,0.0,69.3,0.0,6.5,0.5,0.16,0.14,0.14,0.0,5.0,0.0,30.0,0.0,0.12,3.5,,,,,,,,,,,,,,,,,,,,
040301,Almendra con cascara,0.4,610.0,5.7,0.0,18.7,5.4,2.1,3.3,0.0,13.5,54.1,4.1,33.1,12.9,0.0,20.0,0.0,120.0,0.0,26.2,3.0,,,,,,,,,,,,,,,,,,,,
040302,Almendra frita salada sin cascara,1.0,618.0,7.0,0.0,19.0,3.8,0.2,3.6,0.0,15.0,55.2,4.2,34.8,13.5,0.0,0.17,0.0,1.0,0.0,26.2,0.0,,,,,,,,,,,,,,,,,,,,
040303,Almendra sin cascara,1.0,610.0,5.7,0.0,18.7,5.4,2.1,3.3,0.0,13.5,54.1,4.1,33.1,12.9,0.0,20.0,0.0,120.0,0.0,26.2,0.0,,,,,,,,,,,,,,,,,,,,
040304,Almendra tostada sin cascara,1.0,633.0,1.1,0.0,22.9,9.7,3.5,4.2,0.0,13.4,52.9,4.0,33.7,12.6,0.0,1.0,0.0,6.0,0.0,26.3,0.0,,,,,,,,,,,,,,,,,,,,
040305,Anacardo,1.0,578.0,4.4,0.0,17.5,30.5,24.4,6.1,0.0,2.9,42.2,8.8,24.6,7.4,0.0,10.0,0.0,60.0,0.0,0.78,26.0,,,,,,,,,,,,,,,,,,,,
040306,Avellana con cascara,0.61,661.0,5.3,0.0,12.0,10.5,3.4,7.1,0.0,8.2,61.6,4.1,45.9,8.6,0.0,4.8,0.0,29.0,0.0,26.2,9.0,,,,,,,,,,,,,,,,,,,,
040307,Avellana sin cascara,1.0,661.0,5.3,0.0,12.0,10.5,3.4,7.1,0.0,8.2,61.6,4.1,45.9,8.6,0.0,4.8,0.0,29.0,0.0,26.2,9.0,,,,,,,,,,,,,,,,,,,,
040308,Cacahuete con cascara,0.71,563.0,10.8,0.0,25.2,7.9,3.9,4.0,0.0,8.1,46.0,8.7,22.0,13.2,0.0,0.33,0.0,2.0,0.0,10.9,2.0,,,,,,,,,,,,,,,,,,,,
040309,Cacahuete frito salado sin cascara,1.0,627.0,1.7,0.0,24.5,8.9,4.0,4.9,0.0,8.4,53.0,9.5,24.2,16.5,0.0,0.0,0.0,0.0,0.0,7.4,26.0,,,,,,,,,,,,,,,,,,,,
040310,Cacahuete sin cascara,1.0,563.0,10.6,0.0,25.2,7.9,3.9,4.0,0.0,8.1,46.0,8.7,22.0,13.2,0.0,0.33,0.0,2.0,0.0,10.9,26.0,,,,,,,,,,,,,,,,,,,,
040311,Cacahuete tostado y salado sin cascara,1.0,615.0,4.5,0.0,23.9,14.0,9.8,4.2,0.0,8.0,49.7,6.9,24.6,15.7,0.0,0.0,0.0,0.0,0.0,7.8,0.0,,,,,,,,,,,,,,,,,,,,
040312,Castaña,0.82,190.0,52.0,0.0,2.7,36.5,24.2,12.3,0.0,6.7,2.2,0.4,0.6,0.6,0.0,4.0,0.0,24.0,0.0,1.2,11.2,,,,,,,,,,,,,,,,,,,,
040313,Castaña asada,0.9,237.0,43.9,0.0,4.0,39.7,31.8,7.9,0.0,7.1,5.3,3.2,0.6,1.3,0.0,2.3,0.0,14.0,0.0,1.4,11.2,,,,,,,,,,,,,,,,,,,,
040314,Chufa,1.0,443.0,10.3,0.0,6.1,42.5,27.8,14.7,0.0,17.4,23.7,4.0,16.5,2.2,0.0,0.0,0.0,0.0,0.0,10.0,,,,,,,,,,,,,,,,,,,,,
040315,Nueces de macadamia sin cascara,1.0,744.0,6.2,0.0,7.9,4.8,0.8,4.0,0.0,5.3,75.8,6.4,9.2,40.2,0.0,0.0,0.0,0.0,0.0,1.5,,,,,,,,,,,,,,,,,,,,,
040316,Nueces pecanas sin cascara,1.0,732.0,2.9,0.0,9.3,2.9,0.31,2.6,0.0,9.5,73.8,6.8,41.7,21.8,0.0,0.9,4.8,0.0,29.0,,,,,,,,,,,,,,,,,,,,,,
040317,Nuez con cascara,0.45,649.0,12.9,0.0,14.4,4.4,0.24,1.2,0.0,5.8,62.5,6.8,10.9,41.7,0.0,4.5,0.0,27.2,0.0,3.5,2.0,,,,,,,,,,,,,,,,,,,,
040318,Nuez sin cascara,1.0,649.0,12.9,0.0,14.4,4.4,0.24,1.2,0.0,5.8,62.5,6.8,10.9,41.7,0.0,4.5,0.0,27.2,0.0,3.5,2.0,,,,,,,,,,,,,,,,,,,,
040319,Piñón con cascara,0.3,706.0,2.7,0.0,14.0,3.9,0.1,3.8,0.0,8.5,68.6,4.6,19.9,41.2,0.0,1.7,0.0,10.0,0.0,13.7,2.0,,,,,,,,,,,,,,,,,,,,
040320,Piñón sin cascara,1.0,706.0,2.7,0.0,14.0,3.9,0.1,3.8,0.0,8.5,68.6,4.6,19.9,41.2,0.0,1.7,0.0,10.0,0.0,13.7,2.0,,,,,,,,,,,,,,,,,,,,
040321,Pipa de girasol pelada con sal,1.0,640.0,0.9,0.0,17.3,9.1,8.4,0.74,0.0,11.5,56.8,6.0,10.8,37.5,0.0,0.0,0.0,0.0,0.0,37.8,2.7,,,,,,,,,,,,,,,,,,,,
040322,Pipa de girasol pelada sin sal,1.0,652.0,2.2,0.0,17.3,12.2,9.3,2.9,0.0,11.5,56.8,6.0,10.8,37.5,0.0,0.0,0.0,0.0,0.0,37.8,2.7,,,,,,,,,,,,,,,,,,,,
040323,Pipa de girasol sin sal,0.52,569.0,10.8,0.0,19.8,12.3,11.0,1.3,0.0,6.3,47.5,6.6,10.7,28.2,0.0,2.5,0.0,15.0,0.0,37.8,2.7,,,,,,,,,,,,,,,,,,,,
040324,Pipas de calabaza sin cascara tostadas sin sal,1.0,635.0,0.0,0.0,29.9,14.7,13.4,1.3,0.0,6.5,49.1,8.5,15.7,19.9,0.0,0.83,0.0,5.0,0.0,13.7,,,,,,,,,,,,,,,,,,,,,
040325,Pistacho,0.55,603.0,5.9,0.0,17.7,11.6,3.4,8.1,0.0,10.6,51.6,6.1,34.5,7.6,0.0,25.0,0.0,150.0,0.0,5.2,13.2,,,,,,,,,,,,,,,,,,,,
040326,Pistacho tostado salado,0.51,613.0,8.1,0.0,18.0,12.5,4.9,7.6,0.0,8.5,52.7,6.7,35.7,8.1,0.0,13.0,0.0,,0.0,5.2,13.2,,,,,,,,,,,,,,,,,,,,
040327,Semilla de lino,1.0,514.0,7.0,0.0,18.3,1.6,0.1,1.6,0.0,27.3,42.2,3.7,7.5,28.7,0.0,0.0,0.0,0.0,0.0,2.3,4.3,,,,,,,,,,,,,,,,,,,,
040328,Semilla de sésamo,1.0,605.0,4.7,0.0,17.7,15.8,15.5,0.3,0.0,11.8,49.7,7.0,18.8,21.8,0.0,0.83,0.0,5.0,,0.25,0.0,,,,,,,,,,,,,,,,,,,,
040329,Tahine,1.0,642.0,3.0,0.0,17.4,21.5,,,0.0,4.7,53.0,7.4,20.0,23.2,0.0,3.0,0.0,67.0,0.0,,,,,,,,,,,,,,,,,,,,,,
040401,Compota de manzana,1.0,81.3,78.0,0.0,0.2,19.1,0.0,19.1,7.6,1.6,0.1,0.0,0.0,0.0,0.0,6.0,0.0,36.0,0.0,0.1,,,,,,,,,,,,,,,,,,,,,
040402,Crema de almendras,1.0,341.0,31.0,0.0,4.6,50.7,12.7,38.0,15.2,0.5,13.2,0.9,7.6,2.1,0.0,0.0,0.0,,0.0,5.2,,,,,,,,,,,,,,,,,,,,,
040403,Crema de cacahuete,1.0,619.0,1.5,0.0,30.1,13.6,6.5,7.1,2.8,7.0,47.8,9.5,26.4,10.3,0.0,0.0,0.0,0.0,0.0,5.0,0.8,,,,,,,,,,,,,,,,,,,,
040404,Dulce de membrillo y pastas de frutas,1.0,259.0,33.6,0.0,1.0,62.2,0.0,62.2,24.9,3.2,0.0,0.0,0.0,0.0,0.0,2.0,0.0,12.0,0.0,0.0,0.0,,,,,,,,,,,,,,,,,,,,
040405,Lichi en conserva,1.0,117.0,69.0,0.0,0.9,27.0,1.0,26.0,9.2,1.3,0.3,0.059,0.072,0.079,0.0,0.0,0.0,0.0,0.0,1.0,,,,,,,,,,,,,,,,,,,,,
040406,Macedonia de frutas en almíbar,1.0,68.6,82.5,0.0,0.62,15.8,0.0,15.8,3.8,1.0,0.1,0.013,0.017,0.04,0.0,11.5,0.0,69.0,0.0,0.4,2.3,,,,,,,,,,,,,,,,,,,,
040407,Macedonia de frutas en su jugo,1.0,63.1,83.8,0.0,0.7,14.5,2.5,12.0,0.0,1.0,0.03,0.004,0.005,0.011,0.0,3.3,0.0,20.0,0.0,0.32,2.3,,,,,,,,,,,,,,,,,,,,
040408,Melocotón en almíbar,1.0,58.6,85.4,0.0,0.38,14.2,0.0,14.2,3.9,0.0,0.03,0.003,0.01,0.01,0.0,11.3,0.0,67.8,0.0,0.49,1.7,,,,,,,,,,,,,,,,,,,,
040409,Mermelada de albaricoque y melocotón,1.0,258.0,35.1,0.0,0.32,63.2,0.0,63.2,25.3,1.2,0.2,0.01,0.11,0.0,0.0,10.0,0.0,60.0,0.0,0.13,0.5,,,,,,,,,,,,,,,,,,,,
040411,Mermelada de cereza,1.0,251.0,38.0,0.0,0.38,60.9,0.9,60.0,24.4,0.55,0.16,,,,0.0,0.0,0.0,0.0,0.0,0.16,1.1,,,,,,,,,,,,,,,,,,,,
040412,Mermelada de ciruela,1.0,251.0,36.9,0.0,0.31,59.6,0.0,59.6,23.8,2.6,0.63,0.03,0.33,0.0,0.0,21.0,0.0,126.0,0.0,0.0,0.5,,,,,,,,,,,,,,,,,,,,
040413,Mermelada de frambuesa,1.0,251.0,37.2,0.0,0.45,60.9,0.0,60.9,24.4,1.2,0.3,0.015,0.17,0.0,0.0,10.0,0.0,60.0,0.0,0.16,0.5,,,,,,,,,,,,,,,,,,,,
040414,Mermelada de fresa,1.0,255.0,36.1,0.0,0.31,62.6,0.0,62.6,25.0,0.8,0.2,0.01,0.11,0.0,0.0,10.0,0.0,60.0,0.0,0.16,0.5,,,,,,,,,,,,,,,,,,,,
040415,Mermelada de fresa baja en calorías,1.0,33.0,90.6,0.0,0.7,6.4,0.0,6.4,2.6,2.3,0.0,0.0,0.0,0.0,0.0,0.0,0.0,0.0,0.0,0.16,0.0,,,,,,,,,,,,,,,,,,,,
040416,Mermelada de mora,1.0,239.0,40.8,0.0,0.5,58.7,6.7,52.0,23.5,1.1,0.0,0.0,0.0,0.0,0.0,20.4,0.0,123.0,,,,,,,,,,,,,,,,,,,,,,,
040417,Mermelada de naranja,1.0,234.0,41.4,0.0,0.38,58.0,1.0,57.0,23.2,0.2,0.0,0.0,0.0,0.0,0.0,3.2,0.0,19.1,0.0,0.06,0.0,,,,,,,,,,,,,,,,,,,,
040418,Mermelada de tomate,1.0,197.0,49.0,0.0,0.56,48.0,0.7,47.3,19.2,0.61,0.14,0.025,0.016,0.066,0.0,133.0,0.0,795.0,0.0,0.56,3.5,,,,,,,,,,,,,,,,,,,,
040419,Pera en almíbar,1.0,62.9,83.6,0.0,0.25,14.5,2.0,12.5,1.9,1.5,0.1,0.007,0.02,0.023,0.0,1.7,0.0,10.0,0.0,0.08,0.3,,,,,,,,,,,,,,,,,,,,
040420,Piña en almíbar,1.0,65.8,83.3,0.0,0.38,15.4,0.0,15.4,5.0,0.82,0.11,0.009,0.013,0.04,0.0,2.0,0.0,12.0,0.0,0.06,0.3,,,,,,,,,,,,,,,,,,,,
040421,Piña en su jugo,1.0,42.9,89.0,0.0,0.4,9.7,0.0,9.7,0.0,0.8,0.099,0.049,0.01,0.029,0.0,2.0,0.0,12.0,0.0,0.05,0.3,,,,,,,,,,,,,,,,,,,,
040501,Zumo de limón natural,1.0,33.1,92.5,0.0,0.4,6.1,0.0,2.4,0.0,0.4,0.29,0.038,0.011,0.085,0.0,0.5,0.0,3.0,0.0,0.15,0.1,,,,,,,,,,,,,,,,,,,,
040502,Zumo de naranja,1.0,43.6,89.0,0.0,0.69,9.4,0.0,9.4,0.0,0.7,0.2,0.024,0.037,0.04,0.0,2.6,0.0,15.5,0.0,0.25,0.1,,,,,,,,,,,,,,,,,,,,
050101,Leche concentrada,1.0,132.0,76.6,0.0,6.5,9.3,0.0,9.3,0.0,0.0,7.6,4.2,2.4,0.21,25.0,53.7,48.0,34.0,0.1,0.17,1.5,,,,,,,,,,,,,,,,,,,,
050102,Leche condensada azucarada,1.0,336.0,28.6,0.0,8.5,52.8,0.0,52.8,22.7,0.0,10.1,6.3,2.9,0.31,36.0,122.0,110.0,70.0,5.4,0.19,2.0,,,,,,,,,,,,,,,,,,,,
050103,Leche condensada desnatada con azúcar,1.0,282.0,29.8,0.0,10.0,60.0,0.0,60.0,25.8,0.0,0.2,0.09,0.09,0.0,1.0,31.3,28.0,20.0,0.85,0.04,0.66,,,,,,,,,,,,,,,,,,,,
050104,Leche de cabra,1.0,66.7,88.2,0.0,3.7,4.2,0.0,4.2,0.0,0.0,3.9,2.6,0.94,0.13,11.0,73.8,68.0,35.0,0.25,0.03,0.1,,,,,,,,,,,,,,,,,,,,
050105,Leche de oveja,1.0,96.7,83.7,0.0,5.3,4.7,0.0,4.7,0.0,0.0,6.3,3.5,1.6,0.25,11.0,51.0,50.0,5.0,0.18,0.11,0.1,,,,,,,,,,,,,,,,,,,,
050106,Leche de vaca desnatada,1.0,37.0,91.0,0.0,3.9,4.9,0.0,4.9,0.0,0.0,0.2,0.09,0.06,0.01,2.6,2.2,1.0,7.0,0.0,0.0,0.1,,,,,,,,,,,,,,,,,,,,
050107,Leche de vaca entera,1.0,65.4,88.4,0.0,3.1,4.7,0.0,4.7,0.0,0.0,3.8,2.3,1.1,0.13,14.0,46.0,41.3,28.0,0.03,0.1,0.34,,,,,,,,,,,,,,,,,,,,
050108,Leche de vaca semidesnatada,1.0,47.6,90.1,0.0,3.5,4.8,0.0,4.8,0.0,0.0,1.6,1.1,0.45,0.04,6.3,18.9,17.6,7.8,0.02,0.04,0.2,,,,,,,,,,,,,,,,,,,,
050109,Leche desnatada sin lactosa,1.0,36.6,91.0,0.0,3.9,4.8,0.0,4.8,0.0,0.0,0.2,0.09,0.06,0.01,2.6,2.2,1.0,7.0,0.0,0.0,0.1,,,,,,,,,,,,,,,,,,,,
050110,Leche en polvo desnatada,1.0,352.0,4.9,0.0,36.1,50.4,0.0,50.4,0.0,0.0,0.64,0.4,0.2,0.029,12.0,122.0,110.0,70.0,5.4,0.19,0.5,,,,,,,,,,,,,,,,,,,,
050111,Leche en polvo entera,1.0,477.0,6.5,0.0,25.2,35.1,0.0,35.1,0.0,0.0,26.2,15.8,8.4,0.72,97.0,253.0,230.0,140.0,1.2,0.5,1.7,,,,,,,,,,,,,,,,,,,,
050112,Leche en polvo semidesnatada,1.0,442.0,10.0,0.0,29.8,43.9,0.0,43.9,0.0,0.0,16.3,9.7,5.1,0.6,60.0,4.0,4.0,1.0,0.1,0.4,1.0,,,,,,,,,,,,,,,,,,,,
050113,Leche entera sin lactosa,1.0,65.4,88.4,0.0,3.1,4.7,0.0,4.7,0.0,0.0,3.8,2.3,1.1,0.13,14.0,46.0,41.3,28.0,0.03,0.1,0.34,,,,,,,,,,,,,,,,,,,,
050114,Leche evaporada entera,1.0,151.0,74.1,0.0,8.4,8.1,0.0,8.1,0.0,0.0,9.4,5.9,2.7,0.3,34.0,122.0,105.0,100.0,0.1,0.19,1.6,,,,,,,,,,,,,,,,,,,,
050115,Leche materna calostro,1.0,53.5,90.0,0.0,2.6,4.9,0.0,4.9,0.0,0.0,2.6,1.1,1.1,0.3,31.0,178.0,155.0,135.0,,1.1,,,,,,,,,,,,,,,,,,,,,
050116,Leche materna madura,1.0,68.8,87.9,0.0,1.2,7.0,0.0,7.0,0.0,0.0,4.0,2.0,1.5,0.44,25.0,69.5,69.0,3.0,0.07,0.28,0.48,,,,,,,,,,,,,,,,,,,,
050117,Leche materna transicional,1.0,66.5,88.0,0.0,1.7,6.6,0.0,6.6,0.0,0.0,3.7,1.5,1.5,0.4,29.0,143.0,139.0,26.0,0.05,0.51,,,,,,,,,,,,,,,,,,,,,
050118,Leche merengada,1.0,83.6,83.0,0.0,3.0,10.7,0.0,10.7,6.0,0.0,3.2,,,,,46.1,,,0.03,0.09,,,,,,,,,,,,,,,,,,,,,
050119,Leche semidesnatada sin lactosa,1.0,47.6,90.1,0.0,3.5,4.8,0.0,4.8,0.0,0.0,1.6,1.1,0.45,0.04,6.3,18.9,17.6,7.8,0.02,0.04,0.2,,,,,,,,,,,,,,,,,,,,
050201,Kéfir,1.0,63.9,88.4,0.0,3.3,4.8,0.0,4.8,0.0,0.0,3.5,,,,,16.5,16.0,3.0,,,,,,,,,,,,,,,,,,,,,,,
050202,Leche fermentada con lactobacillus acidophilus,1.0,98.5,79.5,0.0,3.1,14.1,0.0,14.1,9.7,0.0,3.3,2.1,0.87,0.1,3.0,27.0,27.0,,0.03,0.0,0.6,,,,,,,,,,,,,,,,,,,,
050203,Leche fermentada con lactobacillus casei,1.0,88.3,82.1,0.0,3.0,11.7,0.0,11.7,7.3,0.0,3.3,2.1,0.87,0.1,3.0,27.0,27.0,,0.03,0.0,0.6,,,,,,,,,,,,,,,,,,,,
050205,Leche fermentada tipo bio con frutas,1.0,84.9,80.9,0.0,4.0,13.4,0.4,13.0,8.6,0.0,1.7,1.1,0.5,0.0,4.0,11.0,11.0,2.0,0.15,0.07,0.6,,,,,,,,,,,,,,,,,,,,
050206,Leche fermentada tipo bio desnatado con frutas,1.0,53.0,86.8,0.0,4.7,8.5,0.2,8.3,3.2,0.0,0.021,0.007,0.013,0.0,1.0,11.0,11.0,2.0,0.05,0.0,0.23,,,,,,,,,,,,,,,,,,,,
050207,Leche fermentada tipo bio desnatado natural,1.0,42.7,89.7,0.0,4.9,5.1,0.0,5.1,0.0,0.0,0.3,0.18,0.06,0.0,1.0,11.0,11.0,2.0,0.0,0.0,0.23,,,,,,,,,,,,,,,,,,,,
050208,Leche fermentada tipo bio natural,1.0,62.6,88.6,0.0,3.6,4.4,0.0,4.4,0.0,0.0,3.4,2.2,0.9,0.1,3.0,27.0,27.0,,0.2,0.3,0.6,,,,,,,,,,,,,,,,,,,,
050209,Yogur de soja,1.0,90.0,78.2,0.0,2.4,17.1,,1.4,0.0,0.6,1.2,0.0,,,0.0,,,,,0.0,,,,,,,,,,,,,,,,,,,,,
050210,Yogur desnatado con cereales,1.0,56.5,85.7,0.0,4.6,6.9,1.2,5.7,0.0,0.3,1.1,0.19,0.21,0.081,1.0,1.3,1.0,2.0,0.0,0.2,,,,,,,,,,,,,,,,,,,,,
050211,Yogur desnatado con fruta,1.0,71.6,81.8,0.0,3.8,13.1,0.0,13.1,6.8,1.1,0.2,0.16,0.022,0.0,0.3,2.0,2.0,0.0,0.0,0.0,0.3,,,,,,,,,,,,,,,,,,,,
050212,Yogur desnatado de sabores,1.0,90.1,78.6,0.0,3.8,16.7,0.0,16.7,10.4,0.0,0.9,0.4,0.3,0.1,4.0,2.0,2.0,0.0,0.01,0.01,0.3,,,,,,,,,,,,,,,,,,,,
050213,Yogur desnatado natural,1.0,45.3,89.1,0.0,4.3,6.3,0.0,6.3,0.0,0.0,0.32,0.11,0.15,0.0,1.0,2.0,2.0,0.0,0.0,0.0,0.3,,,,,,,,,,,,,,,,,,,,
050214,Yogur desnatado natural azucarado,1.0,75.9,81.4,0.0,4.5,13.8,0.0,13.8,7.5,0.0,0.3,0.11,0.1,0.0,1.0,2.0,2.0,0.0,0.0,0.03,0.3,,,,,,,,,,,,,,,,,,,,
050215,Yogur desnatado natural edulcorado,1.0,40.5,90.3,0.0,4.3,5.1,0.0,4.8,0.0,0.0,0.32,0.11,0.15,0.0,1.0,0.8,0.72,0.48,0.0,0.0,0.3,,,,,,,,,,,,,,,,,,,,
050216,Yogur entero con cereales,1.0,89.6,79.7,0.0,3.9,9.1,0.81,8.3,0.0,1.8,3.8,2.5,0.86,0.12,14.5,25.6,25.6,,0.07,0.077,,,,,,,,,,,,,,,,,,,,,
050217,Yogur entero con fruta,1.0,94.9,78.0,0.0,3.8,14.3,0.0,14.3,8.8,0.9,2.3,1.4,0.6,0.1,10.7,14.5,13.6,5.6,0.04,0.03,0.7,,,,,,,,,,,,,,,,,,,,
050218,Yogur entero de sabores,1.0,115.0,75.6,0.0,5.4,15.6,0.0,15.6,10.1,0.0,3.4,2.1,0.97,0.08,11.0,27.4,25.7,10.2,0.05,0.08,0.7,,,,,,,,,,,,,,,,,,,,
050219,Yogur entero natural azucarado,1.0,85.9,80.9,0.0,3.5,13.7,0.0,13.7,8.2,0.0,1.9,1.2,0.6,0.0,4.0,27.0,27.0,,0.35,0.03,0.7,,,,,,,,,,,,,,,,,,,,
050220,Yogur liquido con pulpa de fruta,1.0,81.9,81.4,0.0,2.8,14.3,0.0,14.3,8.8,0.0,1.5,1.0,0.4,0.0,0.0,2.7,2.0,4.0,0.1,0.0,0.3,,,,,,,,,,,,,,,,,,,,
050221,Yogur liquido de sabores,1.0,75.4,82.9,0.0,2.9,12.8,0.0,12.8,7.3,0.0,1.4,0.9,0.4,0.0,0.0,17.0,17.0,0.0,0.0,0.0,0.3,,,,,,,,,,,,,,,,,,,,
050222,Yogur liquido natural azucarado,1.0,69.2,84.2,0.0,3.0,11.6,0.0,11.6,6.1,0.0,1.2,0.8,0.3,0.0,0.0,27.0,27.0,,0.12,0.0,0.3,,,,,,,,,,,,,,,,,,,,
050223,Yogur natural entero,1.0,61.4,87.9,0.0,4.0,5.5,0.0,5.5,0.0,0.0,2.6,1.5,0.72,0.13,10.2,9.8,9.1,4.1,0.06,0.04,0.7,,,,,,,,,,,,,,,,,,,,
050224,Yogur sin lactosa natural azucarado,1.0,70.7,84.7,0.0,3.5,9.9,0.0,9.8,4.3,0.0,1.9,1.2,0.6,0.0,4.0,16.0,15.0,5.0,0.35,0.03,0.7,,,,,,,,,,,,,,,,,,,,
050225,Yogur tipo griego,1.0,139.0,78.0,0.0,6.4,5.4,0.0,5.4,0.0,0.0,10.2,6.8,2.4,0.28,11.0,121.0,115.0,36.0,0.05,0.38,0.8,,,,,,,,,,,,,,,,,,,,
050301,Queso azul,1.0,353.0,43.6,0.0,21.1,0.0,0.0,0.0,0.0,0.0,29.8,17.6,8.2,0.77,88.0,290.0,260.0,180.0,0.23,0.77,2.5,,,,,,,,,,,,,,,,,,,,
050302,Queso Brie,1.0,342.0,45.4,0.0,22.6,0.1,0.0,0.097,0.0,0.0,27.9,12.9,8.3,0.61,100.0,157.0,140.0,100.0,0.2,0.84,2.3,,,,,,,,,,,,,,,,,,,,
050303,Queso Camembert,1.0,285.0,52.7,0.0,21.0,0.1,0.0,0.1,0.0,0.0,22.3,12.9,6.5,0.54,62.0,362.0,330.0,190.0,0.28,0.5,2.3,,,,,,,,,,,,,,,,,,,,
050304,Queso Cheddar,1.0,393.0,37.7,0.0,25.4,0.36,0.0,0.36,0.0,0.0,32.2,19.6,8.1,0.74,84.0,440.0,390.0,300.0,0.34,1.0,2.3,,,,,,,,,,,,,,,,,,,,
050305,Queso de Arzua,0.95,339.0,51.6,0.0,19.4,0.0,0.0,0.0,0.0,0.0,29.0,18.0,8.5,1.0,90.0,340.0,305.0,210.0,0.25,0.62,2.3,,,,,,,,,,,,,,,,,,,,
050306,Queso de bola,0.95,329.0,44.6,0.0,25.5,0.8,0.0,0.8,0.0,0.0,24.9,14.0,6.2,0.7,111.0,124.0,111.0,79.2,0.17,0.57,2.3,,,,,,,,,,,,,,,,,,,,
050307,Queso de Burgos,1.0,200.0,68.6,0.0,14.0,2.5,0.0,2.5,0.0,0.0,14.9,8.8,4.3,0.89,14.5,261.0,235.0,153.0,0.0,0.56,2.3,,,,,,,,,,,,,,,,,,,,
050308,Queso de cabra curado,1.0,467.0,29.1,0.0,27.6,0.0,0.0,0.0,0.0,0.0,39.6,25.4,10.6,2.4,100.0,486.0,478.0,,0.2,0.9,2.3,,,,,,,,,,,,,,,,,,,,
050309,Queso de cabra semicurado,1.0,327.0,50.5,0.0,18.3,0.1,0.0,0.1,0.0,0.0,28.2,18.1,7.6,1.0,70.0,407.0,401.0,,0.2,0.8,2.3,,,,,,,,,,,,,,,,,,,,
050310,Queso de cabra tierno,1.0,208.0,68.5,0.0,11.1,1.2,0.0,1.2,0.0,0.0,17.6,11.3,4.7,0.6,50.0,288.0,283.0,,0.2,0.9,2.3,,,,,,,,,,,,,,,,,,,,
050311,Queso de Cabrales,0.95,392.0,44.5,0.0,21.5,0.0,0.0,0.0,0.0,0.0,34.0,20.2,10.8,1.3,90.0,198.0,192.0,,0.25,0.62,2.5,,,,,,,,,,,,,,,,,,,,
050312,Queso Edam,1.0,356.0,41.6,0.0,25.0,1.4,0.0,1.4,0.0,0.0,27.8,17.6,8.1,0.67,89.0,244.0,242.0,11.0,0.5,0.24,,,,,,,,,,,,,,,,,,,,,
050313,Queso Emmental,0.94,397.0,35.9,0.0,29.0,0.0,0.0,0.0,0.0,0.0,31.2,18.2,6.9,0.82,88.0,291.0,271.0,119.0,1.1,0.53,2.6,,,,,,,,,,,,,,,,,,,,
050314,Queso en lonchas,1.0,327.0,44.7,0.0,25.1,2.2,0.0,2.2,0.0,0.0,24.2,13.1,6.5,1.7,84.9,437.0,412.0,130.0,0.2,0.02,3.0,,,,,,,,,,,,,,,,,,,,
050315,Queso en porciones,1.0,376.0,46.6,0.0,15.6,5.4,0.0,5.4,0.0,0.0,32.4,19.6,9.9,1.0,94.1,308.0,303.0,60.5,0.28,1.0,3.0,,,,,,,,,,,,,,,,,,,,
050316,Queso en porciones descremado,1.0,162.0,72.8,0.0,10.0,6.5,0.0,6.5,0.0,0.0,10.7,7.3,2.4,0.3,40.0,161.0,160.0,,0.1,0.3,3.0,,,,,,,,,,,,,,,,,,,,
050317,Queso gallego,0.95,352.0,47.0,0.0,23.0,2.0,0.0,2.0,0.0,0.0,28.0,16.7,8.9,0.77,85.0,283.0,215.0,408.0,0.18,0.08,2.3,,,,,,,,,,,,,,,,,,,,
050318,Queso Gorgonzola,1.0,361.0,48.8,0.0,19.4,0.62,0.0,0.62,0.0,0.0,31.2,15.2,8.8,0.89,87.0,364.0,336.0,168.0,0.24,0.54,2.5,,,,,,,,,,,,,,,,,,,,
050319,Queso Gouda,1.0,331.0,45.2,0.0,25.5,0.0,0.0,0.0,0.0,0.0,25.4,17.0,6.6,0.58,114.0,270.0,245.0,145.0,1.3,0.53,2.3,,,,,,,,,,,,,,,,,,,,
050320,Queso Gruyere,0.94,397.0,36.7,0.0,26.9,0.0,0.0,0.0,0.0,0.0,32.1,17.1,9.3,1.7,120.0,274.0,268.0,33.0,0.26,0.8,3.0,,,,,,,,,,,,,,,,,,,,
050321,Queso Havarti,1.0,413.0,43.0,0.0,20.0,0.0,0.0,0.0,0.0,0.0,37.0,23.6,,,,,,,,,,,,,,,,,,,,,,,,,,,,,
050322,Queso Idiazabal,0.95,443.0,37.8,0.0,23.3,0.0,0.0,0.0,0.0,0.0,38.9,26.6,9.2,1.0,90.0,437.0,395.0,250.0,0.25,0.62,3.0,,,,,,,,,,,,,,,,,,,,
050323,Queso Mahón,1.0,411.0,31.7,0.0,26.9,0.0,0.0,0.0,0.0,0.0,33.7,20.0,10.3,1.5,90.0,388.0,350.0,230.0,0.25,0.62,,,,,,,,,,,,,,,,,,,,,
050324,Queso manchego curado,0.95,476.0,25.7,0.0,38.0,0.51,0.0,0.51,0.0,0.0,35.8,18.7,8.4,6.2,74.4,234.0,211.0,138.0,0.19,0.61,3.0,,,,,,,,,,,,,,,,,,,,
050325,Queso manchego fresco,0.95,333.0,48.6,0.0,26.0,0.0,0.0,0.0,0.0,0.0,25.4,15.2,8.1,0.7,70.0,218.0,165.0,318.0,0.18,0.6,3.0,,,,,,,,,,,,,,,,,,,,
050326,Queso manchego semicurado,0.95,391.0,40.3,0.0,28.8,0.5,0.0,0.5,0.0,0.0,30.4,18.9,9.0,0.76,87.8,360.0,273.0,522.0,0.28,0.62,3.0,,,,,,,,,,,,,,,,,,,,
050327,Queso Mozzarella,1.0,233.0,59.2,0.0,19.9,2.2,0.0,2.2,0.0,0.0,16.1,9.9,4.6,0.47,78.0,206.0,199.0,42.0,0.1,0.35,2.3,,,,,,,,,,,,,,,,,,,,
050328,Queso Parmesano,0.95,375.0,33.0,0.0,35.6,0.06,0.0,0.056,0.0,0.0,25.8,15.8,6.8,0.56,68.0,360.0,340.0,116.0,0.65,0.9,3.0,,,,,,,,,,,,,,,,,,,,
050329,Queso quark,20.0,1.0,71.3,85.8,0.0,7.8,3.5,0.0,2.7,0.0,0.0,2.9,1.9,0.67,0.06,9.3,44.0,40.0,24.0,0.09,0.12,,,,,,,,,,,,,,,,,,,,
050330,Queso quark descremado,1.0,67.9,81.3,0.0,13.2,3.2,0.0,3.2,0.0,0.0,0.25,0.17,0.06,0.8,,2.0,1.2,4.6,,0.01,,,,,,,,,,,,,,,,,,,,,
050331,Queso raclette,1.0,369.0,41.1,0.0,25.0,0.69,0.0,0.0,0.0,0.0,29.6,20.2,6.2,0.87,99.6,183.0,183.0,,0.2,0.51,,,,,,,,,,,,,,,,,,,,,
050332,Queso ricotta,1.0,156.0,72.7,0.0,11.5,3.8,0.0,3.8,0.0,0.0,10.5,7.0,2.7,0.32,36.8,92.6,86.7,35.0,0.07,0.05,,,,,,,,,,,,,,,,,,,,,
050333,Queso Roncal,1.0,448.0,29.4,0.0,24.7,0.0,0.0,0.0,0.0,0.0,38.8,25.2,9.1,1.5,90.0,437.0,395.0,205.0,0.25,0.62,,,,,,,,,,,,,,,,,,,,,
050334,Queso Roquefort,1.0,369.0,39.5,0.0,21.5,2.0,0.0,2.0,0.0,0.0,30.6,18.9,7.2,1.2,90.0,310.0,310.0,0.0,0.2,0.77,2.5,,,,,,,,,,,,,,,,,,,,
050335,Queso San Simón,1.0,382.0,43.4,0.0,24.2,0.0,0.0,0.0,0.0,0.0,31.7,20.6,9.6,1.2,90.0,340.0,305.0,210.0,0.25,0.62,,,,,,,,,,,,,,,,,,,,,
050336,Queso tetilla,0.95,399.0,43.5,0.0,22.0,0.0,0.0,0.0,0.0,0.0,34.5,21.4,10.1,1.1,90.0,389.0,350.0,230.0,0.25,0.62,2.3,,,,,,,,,,,,,,,,,,,,
050337,Queso tipo manchego en aceite,1.0,471.0,33.0,0.0,26.5,0.0,0.0,0.0,0.0,0.0,40.5,24.5,12.5,1.2,90.0,437.0,395.0,250.0,0.25,0.62,3.0,,,,,,,,,,,,,,,,,,,,
050338,Queso tipo petit de chocolate,1.0,182.0,62.4,0.0,4.3,26.9,4.2,22.7,12.0,0.0,6.4,2.5,1.1,0.12,11.0,68.8,29.0,239.0,0.3,0.12,0.4,,,,,,,,,,,,,,,,,,,,
050339,Queso tipo petit de sabores,1.0,122.0,74.5,0.0,7.5,14.0,1.0,13.0,6.9,0.0,4.0,2.5,1.1,0.1,11.0,68.8,29.0,239.0,0.2,0.12,0.4,,,,,,,,,,,,,,,,,,,,
050340,Queso tipo petit natural azucarado,1.0,120.0,75.0,0.0,7.3,13.7,0.0,13.7,7.3,0.0,4.0,2.5,1.1,0.1,11.0,33.0,29.0,23.0,0.12,0.12,0.4,,,,,,,,,,,,,,,,,,,,
050341,Queso Torta del Casar,0.95,399.0,41.1,0.0,26.3,0.0,0.0,0.0,0.0,0.0,32.6,21.8,7.5,1.5,90.0,340.0,305.0,210.0,0.25,0.62,2.3,,,,,,,,,,,,,,,,,,,,
050342,Queso zamorano,1.0,439.0,27.3,0.0,25.3,0.0,0.0,0.0,0.0,0.0,37.5,25.9,9.0,0.54,90.0,388.0,350.0,230.0,0.25,0.62,,,,,,,,,,,,,,,,,,,,,
050343,Requesón,1.0,101.0,80.1,0.0,12.3,3.3,0.0,3.3,0.0,0.0,4.3,2.0,1.2,0.14,13.0,22.3,20.0,14.0,0.03,0.07,0.4,,,,,,,,,,,,,,,,,,,,
050401,Arroz con leche,1.0,121.0,71.4,0.0,3.3,23.9,9.4,14.5,11.0,0.1,1.3,0.77,0.31,0.08,9.0,19.0,19.0,,0.1,0.15,0.4,,,,,,,,,,,,,,,,,,,,
050402,Copa de chocolate y nata,1.0,182.0,66.2,0.0,3.2,21.2,3.4,17.8,14.3,0.12,9.3,,,,27.9,75.0,74.0,10.0,0.05,0.14,0.5,,,,,,,,,,,,,,,,,,,,
050403,Crema de chocolate,1.0,199.0,62.7,0.0,3.6,21.2,0.7,20.5,17.0,1.8,10.7,6.3,3.3,0.37,71.6,47.6,42.8,28.5,0.05,0.39,0.5,,,,,,,,,,,,,,,,,,,,
050404,Cuajada,1.0,86.7,84.2,0.0,4.5,6.6,0.0,6.6,0.0,0.0,4.7,2.9,1.3,0.2,6.6,38.0,36.0,12.0,0.21,0.23,0.42,,,,,,,,,,,,,,,,,,,,
050405,Flan de huevo,1.0,143.0,70.0,0.0,5.0,20.4,0.0,20.4,16.9,0.0,4.6,2.0,1.9,0.52,147.0,46.0,45.0,,0.58,0.23,2.5,,,,,,,,,,,,,,,,,,,,
050406,Flan de vainilla,1.0,122.0,71.5,0.0,3.0,23.9,4.4,19.4,15.9,0.0,1.6,0.89,0.47,0.06,7.0,39.0,37.0,8.0,0.07,0.16,2.5,,,,,,,,,,,,,,,,,,,,
050407,Flan instantáneo en polvo,1.0,366.0,7.8,0.0,0.0,91.6,0.0,91.6,91.6,0.0,0.0,0.0,0.0,0.0,0.0,0.0,0.0,0.0,0.0,0.0,,,,,,,,,,,,,,,,,,,,,
050408,Helado cremoso,1.0,177.0,66.5,0.0,4.0,21.0,0.0,20.9,18.8,0.0,8.6,5.1,2.1,0.25,0.0,86.0,86.0,0.0,0.1,0.17,0.3,,,,,,,,,,,,,,,,,,,,
050409,Helado de chocolate,1.0,191.0,65.4,0.0,3.8,18.5,2.0,16.5,14.9,1.2,11.0,6.8,3.2,0.41,34.0,119.0,116.0,19.0,0.2,0.3,,,,,,,,,,,,,,,,,,,,,
050410,Helado de fresa,1.0,186.0,63.5,0.0,3.2,24.0,1.6,22.4,20.2,0.9,8.4,5.2,0.0,0.0,29.0,96.0,96.0,,0.0001,0.0,,,,,,,,,,,,,,,,,,,,,
050411,Helado de nata,1.0,199.0,63.8,0.0,3.9,21.5,2.0,19.5,17.6,0.0,10.8,7.3,2.8,0.3,30.0,118.0,116.0,19.0,0.1,0.5,,,,,,,,,,,,,,,,,,,,,
050412,Mousse de chocolate,1.0,150.0,70.6,0.0,4.0,18.9,2.2,16.7,13.2,0.0,6.5,3.3,2.6,0.13,35.0,48.0,46.0,11.0,0.0,0.58,0.5,,,,,,,,,,,,,,,,,,,,
050413,Natillas,1.0,103.0,77.9,0.0,3.7,15.5,4.6,10.8,7.3,0.0,2.9,1.9,0.76,0.06,10.0,63.0,59.0,24.0,0.03,0.1,1.7,,,,,,,,,,,,,,,,,,,,
050414,Natillas de chocolate,1.0,133.0,71.9,0.0,4.2,19.8,2.9,16.9,13.4,0.0,4.1,1.9,1.3,0.36,110.0,49.0,49.0,,0.35,2.2,1.7,,,,,,,,,,,,,,,,,,,,
050415,Yogur helado,1.0,131.0,71.2,0.0,3.0,21.6,1.7,19.9,14.4,0.0,3.6,2.3,0.99,0.1,13.0,34.0,34.0,6.0,0.075,0.09,0.3,,,,,,,,,,,,,,,,,,,,
050501,Batido de cacao,1.0,84.0,83.1,0.0,2.7,9.8,0.0,9.8,6.9,0.8,3.6,2.3,1.0,0.1,13.0,26.8,26.0,5.0,0.0,0.09,0.5,,,,,,,,,,,,,,,,,,,,
050502,Batido de fresa,1.0,65.8,84.4,0.0,2.8,11.0,0.0,11.0,7.7,0.8,1.0,0.62,0.28,0.04,12.0,26.0,26.0,,0.01,0.04,0.4,,,,,,,,,,,,,,,,,,,,
050503,Batido de vainilla,1.0,63.4,85.0,0.0,2.9,10.3,0.0,10.3,7.2,0.8,1.0,0.62,0.28,0.037,12.0,91.0,91.0,0.0,0.01,0.04,0.4,,,,,,,,,,,,,,,,,,,,
050504,Bebida comercial de zumo y leche,1.0,51.7,87.2,0.0,0.7,12.0,0.5,11.5,8.1,,0.1,,,,,225.0,,,,,,,,,,,,,,,,,,,,,,,,,
050601,Nata liquida para cocinar,1.0,125.0,81.9,0.0,3.1,4.5,0.0,4.5,0.0,0.0,10.5,5.9,3.0,1.2,34.0,91.5,88.0,21.0,0.82,0.25,1.0,,,,,,,,,,,,,,,,,,,,
050602,Nata liquida para montar,1.0,307.0,62.8,0.0,2.4,3.1,0.0,3.1,0.0,0.0,31.7,18.4,8.4,1.1,105.0,339.0,315.0,143.0,1.1,0.71,1.0,,,,,,,,,,,,,,,,,,,,
050603,Nata montada,1.0,308.0,62.6,0.0,2.4,3.3,0.0,3.3,0.0,0.0,31.7,17.7,9.7,0.82,109.0,339.0,315.0,143.0,1.1,0.71,1.0,,,,,,,,,,,,,,,,,,,,
060101,Añojo de,2.0,3.0,1.0,212.0,65.0,0.0,20.7,0.0,0.0,0.0,0.0,0.0,14.4,5.6,6.3,0.9,63.6,,,,0.0,,,,,,,,,,,,,,,,,,,,
060102,Añojo lomo,1.0,256.0,63.0,0.0,15.4,0.0,0.0,0.0,0.0,0.0,21.6,9.3,9.5,0.9,67.5,0.0,0.0,0.0,0.0,0.2,6.0,,,,,,,,,,,,,,,,,,,,
060103,Carne de vaca,2.0,3.0,1.0,234.0,61.8,0.0,22.0,0.0,0.0,0.0,0.0,0.0,16.2,6.9,6.9,0.48,66.0,1.0,1.0,0.0,0.0,,,,,,,,,,,,,,,,,,,,
060104,Carne de vaca grasa,0.95,200.0,67.4,0.0,18.6,0.0,0.0,0.0,0.0,0.0,14.0,6.3,6.6,0.49,70.0,22.0,22.0,0.0,0.0,0.19,6.0,,,,,,,,,,,,,,,,,,,,
060105,Carne de vaca magra,1.0,120.0,75.4,0.0,20.3,0.0,0.0,0.0,0.0,0.0,4.3,1.7,1.9,0.23,59.0,0.0,0.0,0.0,0.0,0.15,6.0,,,,,,,,,,,,,,,,,,,,
060106,Carne semigrasa de vaca,1.0,160.0,71.6,0.0,19.1,0.0,0.0,0.0,0.0,0.0,9.3,3.8,4.6,0.39,70.0,4.0,4.0,0.0,0.5,0.15,6.0,,,,,,,,,,,,,,,,,,,,
060107,Chuleta de ternera,0.78,107.0,76.5,0.0,20.9,0.0,0.0,0.0,0.0,0.0,2.6,1.1,0.98,0.2,70.0,0.0,0.0,0.0,0.0,0.19,7.0,,,,,,,,,,,,,,,,,,,,
060108,"Kebab, ternera",1.0,216.0,62.6,0.0,18.9,2.2,0.01,1.0,1.0,0.33,14.6,3.0,8.1,2.2,42.8,12.7,0.0,76.4,0.0,0.66,,,,,,,,,,,,,,,,,,,,,
060109,Lomo de ternera,1.0,120.0,77.4,0.0,16.6,0.0,0.0,0.0,0.0,0.0,6.0,2.7,2.4,0.35,62.8,0.0,0.0,0.0,0.0,0.19,4.0,,,,,,,,,,,,,,,,,,,,
060110,Rabo de toro,1.0,242.0,62.8,0.0,18.6,0.0,0.0,0.0,0.0,0.0,18.6,6.3,6.6,0.49,70.0,22.0,,,,0.19,,,,,,,,,,,,,,,,,,,,,
060111,Solomillo añojo,1.0,102.0,80.3,0.0,15.1,0.0,0.0,0.0,0.0,0.0,4.6,2.0,1.9,0.28,57.4,0.0,0.0,0.0,0.0,0.22,7.0,,,,,,,,,,,,,,,,,,,,
060112,Solomillo de buey,0.79,104.0,78.3,0.0,18.2,0.0,0.0,0.0,0.0,0.0,3.5,1.7,0.9,0.1,140.0,0.0,0.0,0.0,0.0,0.45,7.0,,,,,,,,,,,,,,,,,,,,
060113,Solomillo de ternera,1.0,103.0,77.3,0.0,20.2,0.0,0.0,0.0,0.0,0.0,2.5,1.1,0.9,0.32,67.0,0.0,0.0,0.0,0.0,0.0,7.0,,,,,,,,,,,,,,,,,,,,
060114,Solomillo de vaca,0.92,272.0,60.6,0.0,16.6,0.0,0.0,0.0,0.0,0.0,22.8,9.7,11.0,0.9,67.0,0.0,0.0,0.0,0.0,0.2,7.0,,,,,,,,,,,,,,,,,,,,
060115,Ternera  de,2.0,3.0,1.0,131.0,75.1,0.0,18.6,0.0,0.0,0.0,0.0,0.0,6.3,2.6,2.4,0.41,73.0,0.0,0.0,0.0,0.0,,,,,,,,,,,,,,,,,,,,
060116,Ternera magra,1.0,131.0,73.9,0.0,20.7,0.0,0.0,0.0,0.0,0.0,5.4,2.0,2.3,0.19,59.0,4.0,4.0,0.0,0.0,0.15,7.0,,,,,,,,,,,,,,,,,,,,
060117,Ternera semigrasa,1.0,205.0,65.8,0.0,20.6,0.0,0.0,0.0,0.0,0.0,13.6,4.7,6.5,0.92,71.2,4.0,4.0,,0.0,0.14,7.0,,,,,,,,,,,,,,,,,,,,
060201,Bacon,0.86,682.0,16.1,0.0,14.6,0.0,0.0,0.0,0.0,0.0,69.3,28.2,27.1,7.2,100.0,0.0,0.0,0.0,0.0,0.08,46.0,,,,,,,,,,,,,,,,,,,,
060202,Carne de cerdo semigrasa,1.0,219.0,66.0,0.0,17.5,0.0,0.0,0.0,0.0,0.0,16.5,7.0,7.8,1.2,70.0,0.0,0.0,0.0,0.0,0.1,5.0,,,,,,,,,,,,,,,,,,,,
060203,Cerdo magro,1.0,156.0,70.4,0.0,22.0,0.0,0.0,0.0,0.0,0.0,7.6,2.9,3.1,0.8,64.4,0.0,0.0,0.0,0.0,0.0,5.0,,,,,,,,,,,,,,,,,,,,
060204,Chuleta de cerdo,0.8,352.0,48.9,0.0,21.7,0.0,0.0,0.0,0.0,0.0,29.5,10.9,11.9,4.5,72.0,9.0,9.0,0.0,0.0,0.01,10.0,,,,,,,,,,,,,,,,,,,,
060205,Costilla de cerdo,0.72,281.0,59.3,0.0,17.1,0.0,0.0,0.0,0.0,0.0,23.6,8.9,10.2,2.2,78.0,0.0,0.0,0.0,0.0,0.05,10.0,,,,,,,,,,,,,,,,,,,,
060206,Lomo de cerdo,1.0,305.0,57.2,0.0,16.3,0.0,0.0,0.0,0.0,0.0,26.6,10.4,11.9,1.7,70.6,0.0,0.0,0.0,0.0,0.01,11.0,,,,,,,,,,,,,,,,,,,,
060207,Manita de cerdo,0.39,291.0,58.5,0.0,16.0,0.5,0.0,0.5,0.0,0.0,25.0,8.3,11.2,3.0,6.2,0.0,0.0,0.0,0.0,0.1,7.0,,,,,,,,,,,,,,,,,,,,
060208,Paletilla de cerdo,1.0,349.0,49.3,0.0,21.5,0.0,0.0,0.0,0.0,0.0,29.2,9.4,12.2,4.5,69.0,0.0,0.0,0.0,0.0,,,,,,,,,,,,,,,,,,,,,,
060209,Panceta,0.88,471.0,40.4,0.0,12.5,0.5,0.0,0.5,0.0,0.0,46.6,19.4,21.2,3.5,57.0,11.0,11.0,0.0,0.0,0.08,46.0,,,,,,,,,,,,,,,,,,,,
060210,Solomillo de cerdo,1.0,158.0,70.1,0.0,22.3,0.0,0.0,0.0,0.0,0.0,7.6,2.9,3.1,0.8,68.4,2.0,2.0,0.0,0.0,0.0,5.0,,,,,,,,,,,,,,,,,,,,
060211,Tocino,1.0,655.0,24.9,0.0,4.1,0.0,0.0,0.0,0.0,0.0,71.0,29.3,32.4,5.3,57.0,11.0,11.0,0.0,0.0,0.11,46.0,,,,,,,,,,,,,,,,,,,,
060301,Chuleta de cordero,0.77,250.0,63.2,0.0,16.2,0.0,0.0,0.0,0.0,0.0,20.6,9.2,7.5,1.7,79.5,16.0,16.0,0.0,0.0,0.18,15.0,,,,,,,,,,,,,,,,,,,,
060302,Paleta de cordero,0.8,151.0,77.1,0.0,11.1,0.0,0.0,0.0,0.0,0.0,11.8,5.0,4.6,0.8,80.6,0.0,0.0,,0.0,0.15,15.0,,,,,,,,,,,,,,,,,,,,
060303,Pierna de cordero,0.77,178.0,70.3,0.0,17.9,0.0,0.0,0.0,0.0,0.0,11.8,5.1,4.6,0.8,78.0,0.0,0.0,,0.0,0.14,15.0,,,,,,,,,,,,,,,,,,,,
060401,Ala de pollo,0.74,217.0,65.7,0.0,18.3,0.0,0.0,0.0,0.0,0.0,16.0,4.4,6.3,3.3,77.0,44.0,44.0,0.0,0.1,0.3,1.0,,,,,,,,,,,,,,,,,,,,
060402,Capón asado,1.0,221.0,58.7,0.0,29.0,0.0,0.0,0.0,0.0,0.0,11.7,,,,86.0,20.0,20.0,0.0,0.0,0.0,,,,,,,,,,,,,,,,,,,,,
060403,Codorniz,0.7,110.0,75.3,0.0,22.4,0.0,0.0,0.0,0.0,0.0,2.3,0.77,0.6,0.55,76.0,17.0,17.0,,0.0,0.01,6.0,,,,,,,,,,,,,,,,,,,,
060404,Faisán entero,0.55,155.0,69.7,0.0,23.8,0.0,0.0,0.0,0.0,0.0,6.6,2.7,2.8,0.65,68.0,49.0,49.0,0.0,0.0,0.3,6.0,,,,,,,,,,,,,,,,,,,,
060405,Gallina entera,0.72,232.0,64.6,0.0,17.3,0.0,0.0,0.0,0.0,0.0,18.1,5.1,7.4,3.9,72.0,32.0,32.0,0.0,0.1,0.3,0.1,,,,,,,,,,,,,,,,,,,,
060406,Muslo de pavo,0.81,114.0,75.9,0.0,20.5,0.0,0.0,0.0,0.0,0.0,3.6,1.4,0.85,0.96,72.0,1.0,1.0,,0.0,0.0,7.0,,,,,,,,,,,,,,,,,,,,
060407,Muslo de pollo,0.38,183.0,68.2,0.0,20.6,0.0,0.0,0.0,0.0,0.0,11.2,3.7,3.2,2.6,86.0,0.0,0.0,0.0,0.0,0.1,1.0,,,,,,,,,,,,,,,,,,,,
060408,Oca deshuesada sin piel,1.0,155.0,68.3,0.0,22.8,0.0,0.0,0.0,0.0,0.0,7.1,2.8,1.9,0.9,84.0,12.0,12.0,0.0,0.0,,,,,,,,,,,,,,,,,,,,,,
060409,Oca entera,1.0,366.0,49.7,0.0,15.9,0.0,0.0,0.0,0.0,0.0,33.6,9.8,17.8,3.8,80.0,17.0,17.0,0.0,,,,,,,,,,,,,,,,,,,,,,,
060410,Paloma,1.0,288.0,56.6,0.0,18.5,0.0,0.0,0.0,0.0,0.0,23.8,8.4,9.7,3.1,95.0,73.0,73.0,0.0,,,,,,,,,,,,,,,,,,,,,,,
060411,Pato entero,0.67,227.0,64.7,0.0,18.1,0.0,0.0,0.0,0.0,0.0,17.2,5.9,8.2,2.3,76.0,26.0,26.0,,0.0,0.7,6.0,,,,,,,,,,,,,,,,,,,,
060412,Pavo,0.57,157.0,71.3,0.0,20.2,0.0,0.0,0.0,0.0,0.0,8.5,2.2,3.0,2.4,74.0,13.0,13.0,0.0,0.0,0.0,7.0,,,,,,,,,,,,,,,,,,,,
060413,Pechuga de pavo,0.89,105.0,74.9,0.0,24.1,0.0,,,0.0,0.0,0.99,0.36,0.22,0.24,45.0,10.0,10.0,0.0,0.0,0.0,7.0,,,,,,,,,,,,,,,,,,,,
060414,Pechuga de pollo,0.9,145.0,71.6,0.0,22.2,0.0,0.0,0.0,0.0,0.0,6.2,1.9,1.9,1.5,62.0,11.0,11.0,0.0,0.0,0.25,1.0,,,,,,,,,,,,,,,,,,,,
060415,Pollo entero,0.64,166.0,70.5,0.0,19.9,0.0,0.0,0.0,0.0,0.0,9.6,2.6,3.1,2.4,99.0,39.0,39.0,0.0,0.1,0.66,,,,,,,,,,,,,,,,,,,,,
060416,Solomillo de avestruz,1.0,114.0,75.3,0.0,21.7,0.0,0.0,0.0,0.0,0.0,3.0,1.2,1.1,0.58,75.0,0.0,0.0,0.0,0.0,0.2,6.0,,,,,,,,,,,,,,,,,,,,
060501,Callos de ternera,1.0,134.0,76.9,0.0,14.8,0.0,0.0,0.0,0.0,0.0,8.3,4.3,2.8,0.19,95.0,0.0,0.0,0.0,0.0,0.08,4.0,,,,,,,,,,,,,,,,,,,,
060502,Corazón de cerdo,0.95,114.0,77.7,0.0,17.3,1.3,0.0,1.3,0.0,0.0,4.4,1.2,1.0,1.1,131.0,8.0,8.0,0.0,,0.63,,,,,,,,,,,,,,,,,,,,,
060503,Corazón de cordero,0.78,118.0,77.6,0.0,16.5,0.21,0.0,0.21,0.0,0.0,5.7,2.3,1.6,0.6,135.0,0.0,0.0,0.0,,,,,,,,,,,,,,,,,,,,,,,
060504,Corazón de pollo,1.0,149.0,74.4,0.0,15.6,0.71,0.0,0.71,0.0,0.0,9.3,2.7,2.4,2.7,136.0,9.0,9.0,,,1.2,,,,,,,,,,,,,,,,,,,,,
060505,Corazón de vaca,0.81,104.0,79.0,0.0,17.0,0.0,0.0,0.0,0.0,0.0,4.0,1.6,1.0,0.5,140.0,0.0,0.0,0.0,1.0,0.52,,,,,,,,,,,,,,,,,,,,,
060506,Hígado de cerdo,1.0,131.0,73.5,0.0,20.7,0.93,0.93,0.0,0.0,0.0,4.9,1.7,0.58,1.4,354.0,36000.0,36000.0,0.0,1.1,0.6,56.0,,,,,,,,,,,,,,,,,,,,
060507,Hígado de cordero,1.0,137.0,70.7,0.0,20.7,2.2,2.2,0.0,0.0,0.0,5.0,1.7,1.2,0.75,371.0,20010.0,20000.0,60.0,1.2,0.4,,,,,,,,,,,,,,,,,,,,,
060508,Hígado de pollo,1.0,136.0,72.0,0.0,22.1,1.2,1.2,0.0,0.0,0.0,4.7,1.6,1.1,0.75,492.0,33.0,33.0,0.0,1.3,0.4,80.0,,,,,,,,,,,,,,,,,,,,
060509,Hígado de ternera,1.0,136.0,71.8,0.0,19.4,4.2,4.2,0.0,0.0,0.0,4.6,1.5,0.9,0.8,333.0,19745.0,19727.0,102.0,0.44,0.28,92.0,,,,,,,,,,,,,,,,,,,,
060510,Hígado de vaca,1.0,130.0,71.8,0.0,19.5,5.3,5.3,0.0,0.0,0.0,3.4,1.3,0.45,0.74,261.0,18000.0,17720.0,1680.0,1.7,0.7,33.0,,,,,,,,,,,,,,,,,,,,
060511,Lengua de buey,0.7,224.0,64.2,0.0,16.0,3.7,3.7,0.0,0.0,0.0,16.1,7.0,7.2,0.9,105.0,4.0,4.0,0.0,1.7,0.26,,,,,,,,,,,,,,,,,,,,,
060512,Lengua de cerdo,0.84,157.0,73.7,0.0,16.0,0.0,0.0,0.0,0.0,0.0,10.3,3.6,4.9,1.1,116.0,0.0,0.0,0.0,0.0,0.51,,,,,,,,,,,,,,,,,,,,,
060513,Lengua de cordero,0.57,193.0,70.1,0.0,15.3,0.0,0.0,0.0,0.0,0.0,14.6,5.6,7.2,0.9,180.0,0.0,0.0,0.0,0.0,0.21,,,,,,,,,,,,,,,,,,,,,
060514,Lengua de ternera,0.8,148.0,73.7,0.0,17.8,0.0,0.0,0.0,0.0,0.0,8.5,3.0,3.3,0.4,62.0,0.0,0.0,,0.0,0.3,,,,,,,,,,,,,,,,,,,,,
060515,Lengua de vaca,1.0,219.0,65.3,0.0,14.9,3.7,3.7,0.0,0.0,0.0,16.1,7.0,7.2,0.9,87.0,0.0,0.0,0.0,1.7,0.1,,,,,,,,,,,,,,,,,,,,,
060516,Molleja de cordero,1.0,131.0,76.9,0.0,15.3,0.0,0.0,0.0,0.0,0.0,7.8,3.0,2.4,0.32,260.0,0.0,0.0,0.0,0.0,0.44,,,,,,,,,,,,,,,,,,,,,
060517,Molleja de ternera,1.0,303.0,57.7,0.0,11.5,0.0,0.0,0.0,0.0,0.0,28.6,12.3,8.1,0.65,217.0,19.0,19.0,0.0,0.63,3.0,0.2,,,,,,,,,,,,,,,,,,,,
060518,Pulmón de cerdo,0.87,80.7,83.2,0.0,14.1,0.0,0.0,0.0,0.0,0.0,2.7,0.96,0.61,0.35,320.0,0.0,0.0,0.0,3.0,,,,,,,,,,,,,,,,,,,,,,
060519,Pulmón de cordero,0.76,90.2,80.7,0.0,16.7,0.0,0.0,0.0,0.0,0.0,2.6,0.89,0.67,0.35,,27.0,27.0,0.0,12.0,,,,,,,,,,,,,,,,,,,,,,
060520,Pulmón de ternera,0.76,87.3,81.3,0.0,16.2,0.0,0.0,0.0,0.0,0.0,2.5,0.86,0.64,0.34,242.0,14.0,14.0,0.0,11.0,,,,,,,,,,,,,,,,,,,,,,
060521,Riñón de cerdo,0.9,102.0,79.3,0.0,16.9,0.0,0.0,0.0,0.0,0.0,3.8,1.2,0.57,1.1,385.0,60.0,60.0,0.0,0.0,0.45,12.0,,,,,,,,,,,,,,,,,,,,
060522,Riñón de cordero,0.93,90.3,80.8,0.0,16.5,0.0,0.0,0.0,0.0,0.0,2.7,0.9,0.6,0.4,400.0,105.0,105.0,0.0,0.0,0.45,12.0,,,,,,,,,,,,,,,,,,,,
060523,Riñón de ternera,1.0,131.0,76.2,0.0,16.7,0.0,0.0,0.0,0.0,0.0,7.1,2.1,1.5,1.4,380.0,419.0,419.0,0.0,1.0,0.2,12.0,,,,,,,,,,,,,,,,,,,,
060524,Sangre de cerdo,1.0,76.0,81.2,0.0,18.5,0.06,0.0,0.06,0.0,0.0,0.2,0.01,0.01,0.12,40.0,30.0,30.0,0.0,0.1,0.4,,,,,,,,,,,,,,,,,,,,,
060525,Seso de cerdo,0.98,123.0,80.4,0.0,10.6,0.0,0.0,0.0,0.0,0.0,9.0,2.0,1.6,1.4,2550.0,9.0,9.0,0.0,0.0,1.2,30.0,,,,,,,,,,,,,,,,,,,,
060526,Seso de cordero,1.0,133.0,79.7,0.0,10.0,0.0,0.0,0.0,0.0,0.0,10.3,2.4,2.1,1.3,2100.0,0.0,0.0,,0.0,1.2,30.0,,,,,,,,,,,,,,,,,,,,
060527,Seso de ternera,1.0,109.0,82.3,0.0,10.1,0.0,0.0,0.0,0.0,0.0,7.6,1.8,1.5,0.88,2000.0,7.0,0.0,,0.0,1.2,30.0,,,,,,,,,,,,,,,,,,,,
060601,Butifarra,0.97,238.0,62.4,0.0,10.0,5.5,2.7,2.8,2.8,0.0,19.6,6.8,8.9,3.0,50.0,0.0,0.0,,0.01,0.01,5.0,,,,,,,,,,,,,,,,,,,,
060602,Cabeza de jabalí,0.94,534.0,29.8,0.0,19.4,0.2,0.0,0.2,0.2,0.0,50.6,20.6,23.1,4.0,80.0,,0.0,,0.5,0.07,5.0,,,,,,,,,,,,,,,,,,,,
060603,Chistorra,1.0,519.0,33.3,0.0,15.3,0.9,0.0,0.9,0.9,0.0,50.5,26.8,18.7,2.6,76.0,0.0,0.0,0.0,0.0,0.57,6.0,,,,,,,,,,,,,,,,,,,,
060604,Chopped de cerdo,1.0,293.0,53.7,0.0,14.4,3.1,2.6,0.48,0.48,0.0,24.8,8.5,11.3,2.1,70.0,0.0,0.0,0.0,0.0,0.07,5.0,,,,,,,,,,,,,,,,,,,,
060605,Chorizo,0.99,356.0,43.7,0.0,21.2,1.9,0.0,1.9,1.9,0.0,29.3,12.4,13.1,2.5,72.6,0.0,0.0,0.0,0.0,0.29,6.0,,,,,,,,,,,,,,,,,,,,
060606,Foie gras,1.0,324.0,53.3,0.0,11.9,2.7,0.0,2.7,2.7,0.0,29.5,8.2,11.4,3.0,170.0,5068.0,5068.0,0.0,0.3,0.44,20.0,,,,,,,,,,,,,,,,,,,,
060607,Fuet,0.97,438.0,34.4,0.0,19.3,1.4,1.3,0.09,0.09,0.0,39.5,14.1,18.6,4.7,77.7,0.0,0.0,0.0,0.0,0.27,10.0,,,,,,,,,,,,,,,,,,,,
060608,Jamón cocido,1.0,213.0,57.4,0.0,19.1,9.9,0.0,9.9,9.9,0.0,10.8,3.5,4.3,1.7,60.4,0.0,0.0,0.0,0.0,0.08,11.0,,,,,,,,,,,,,,,,,,,,
060609,Jamón cocido enlatado,1.0,120.0,72.9,0.0,18.4,0.0,0.0,0.0,0.0,0.0,5.1,1.9,2.1,0.6,68.0,0.0,0.0,,0.0,0.08,11.0,,,,,,,,,,,,,,,,,,,,
060610,Jamón ibérico,1.0,375.0,34.3,0.0,43.2,0.1,0.0,0.1,0.1,0.0,22.4,6.5,13.2,2.5,,0.0,0.0,0.0,0.0,0.08,11.0,,,,,,,,,,,,,,,,,,,,
060611,Jamón serrano,1.0,136.0,69.5,0.0,21.4,0.0,0.0,0.0,0.0,0.0,5.6,1.9,2.7,0.66,70.9,0.0,0.0,0.0,0.0,0.08,11.0,,,,,,,,,,,,,,,,,,,,
060612,Lomo embuchado,0.99,308.0,48.0,0.0,32.0,0.0,0.0,0.0,0.0,0.0,20.0,7.5,8.4,1.4,172.0,0.0,0.0,0.0,0.0,0.28,11.0,,,,,,,,,,,,,,,,,,,,
060613,Longaniza,1.0,348.0,47.5,0.0,25.0,0.0,0.0,0.0,0.0,0.0,27.5,11.3,1.5,4.7,88.5,13.0,11.0,,0.0,0.29,6.0,,,,,,,,,,,,,,,,,,,,
060614,Morcilla de arroz,0.97,256.0,55.1,0.0,6.9,16.7,14.7,2.0,2.0,1.3,17.7,8.1,5.6,0.9,64.3,4.1,4.1,0.0,0.17,0.31,5.0,,,,,,,,,,,,,,,,,,,,
060615,Mortadela,1.0,266.0,60.5,0.0,11.9,1.3,1.3,0.0,0.0,0.0,23.7,8.3,9.9,2.1,73.9,0.0,0.0,0.0,0.0,0.09,7.0,,,,,,,,,,,,,,,,,,,,
060616,Pechuga de pavo embutido,1.0,81.5,79.8,0.0,15.2,3.7,3.2,0.5,0.5,0.0,0.65,0.18,0.21,0.15,,0.0,0.0,0.0,,,,,,,,,,,,,,,,,,,,,,,
060617,Salami,1.0,444.0,33.3,0.0,21.0,1.7,1.7,0.0,0.0,0.1,39.2,14.6,17.6,4.5,79.0,0.0,0.0,0.0,0.0,0.78,9.0,,,,,,,,,,,,,,,,,,,,
060618,Salchicha fresca,1.0,309.0,55.4,0.0,13.1,0.9,0.51,0.39,0.39,0.0,28.1,10.5,12.3,2.6,67.0,0.0,0.0,0.0,0.0,0.0,9.0,,,,,,,,,,,,,,,,,,,,
060619,Salchicha tipo Frankfurt,1.0,243.0,62.3,0.0,13.1,1.4,0.75,0.64,0.64,0.0,20.5,7.4,8.2,1.9,93.4,9.6,9.6,0.0,0.27,0.23,9.0,,,,,,,,,,,,,,,,,,,,
060620,Salchichón,0.97,438.0,34.4,0.0,19.3,1.4,1.3,0.09,0.09,0.0,39.5,14.1,18.6,4.7,77.7,0.0,0.0,0.0,0.0,0.27,10.0,,,,,,,,,,,,,,,,,,,,
060621,Sobrasada,1.0,595.0,26.7,0.0,13.0,0.0,0.0,0.0,0.0,0.0,60.3,20.3,28.4,8.8,72.0,0.0,0.0,0.0,0.0,0.57,6.0,,,,,,,,,,,,,,,,,,,,
060701,Cabrito,0.75,122.0,75.8,0.0,19.2,0.0,0.0,0.0,0.0,0.0,5.0,1.5,2.2,0.39,56.0,0.0,0.0,0.0,0.4,0.09,15.0,,,,,,,,,,,,,,,,,,,,
060702,Carne de caballo,1.0,108.0,76.3,0.0,20.6,0.4,0.4,0.0,0.0,0.0,2.7,0.96,1.1,0.57,54.0,21.0,21.0,0.0,0.0,0.67,7.0,,,,,,,,,,,,,,,,,,,,
060703,Carne de conejo grasa,0.68,204.0,66.2,0.0,18.1,0.4,0.0,0.4,0.0,0.0,14.4,5.7,2.9,4.4,65.0,0.34,0.34,0.0,0.0,0.4,4.0,,,,,,,,,,,,,,,,,,,,
060704,"Carne de conejo, grasa y magra",0.68,138.0,70.9,0.0,22.1,0.5,0.0,0.0,0.0,0.0,5.3,2.1,1.1,1.6,65.0,0.0,0.0,0.0,0.0,0.16,4.0,,,,,,,,,,,,,,,,,,,,
060705,Carne de jabalí,1.0,162.0,71.2,0.0,19.5,0.0,0.0,0.0,0.0,0.0,9.3,3.3,4.5,0.72,63.0,0.0,0.0,,0.2,0.01,5.0,,,,,,,,,,,,,,,,,,,,
060706,Conejo,0.62,88.4,74.9,0.0,10.4,0.0,0.0,0.0,0.0,0.0,5.2,1.8,1.4,1.5,52.0,0.0,0.0,0.0,0.0,0.09,4.0,,,,,,,,,,,,,,,,,,,,
060707,Liebre,0.8,113.0,75.4,0.0,21.6,0.0,0.0,0.0,0.0,0.0,3.0,0.9,0.82,0.58,65.0,0.0,0.0,0.0,0.0,0.27,6.0,,,,,,,,,,,,,,,,,,,,
060708,Lomo de conejo,0.68,102.0,75.3,0.0,23.7,0.6,0.0,0.6,0.0,0.0,0.6,0.24,0.12,0.18,65.0,0.0,0.0,0.0,0.0,0.01,4.0,,,,,,,,,,,,,,,,,,,,
060709,Pierna de conejo,0.83,137.0,72.0,0.0,21.0,0.0,0.0,0.0,0.0,0.0,5.9,2.3,1.2,1.8,52.0,0.0,0.0,0.0,0.0,0.13,4.0,,,,,,,,,,,,,,,,,,,,
060710,Venado magro deshuesado,1.0,103.0,76.2,0.0,22.2,0.0,0.0,0.0,0.0,0.0,1.6,0.8,0.4,0.4,50.0,0.0,0.0,0.0,,0.2,,,,,,,,,,,,,,,,,,,,,
070101,Abadejo,0.56,74.0,82.5,0.0,16.7,0.0,0.0,0.0,0.0,0.0,0.8,0.14,0.088,0.27,71.0,14.0,14.0,,0.0,0.5,0.01,,,,,,,,,,,,,,,,,,,,
070102,Bacaladilla,0.64,84.4,80.9,0.0,17.5,0.0,0.0,0.0,0.0,0.0,1.6,0.4,0.4,0.3,110.0,4.2,4.2,0.0,0.1,0.56,0.02,,,,,,,,,,,,,,,,,,,,
070103,Bacalao fresco,0.89,79.8,81.3,0.0,17.7,0.0,0.0,0.0,0.0,0.0,1.0,0.13,0.1,0.39,34.0,6.5,6.5,0.0,1.3,1.0,0.01,,,,,,,,,,,,,,,,,,,,
070104,Besugo,0.55,88.6,80.1,0.0,18.1,0.0,0.0,0.0,0.0,0.0,1.8,0.4,0.6,0.3,56.5,9.0,9.0,0.0,0.19,1.5,0.04,,,,,,,,,,,,,,,,,,,,
070105,Breca,0.55,74.6,82.6,0.0,15.4,1.0,0.0,1.0,0.0,0.0,1.0,0.25,0.18,0.27,48.0,9.0,9.0,0.0,0.19,1.5,0.04,,,,,,,,,,,,,,,,,,,,
070106,Cabracho,0.5,91.3,79.3,0.0,19.0,0.0,0.0,0.0,0.0,0.0,1.7,0.4,0.3,0.5,35.0,57.0,57.0,0.0,0.0,0.0,0.01,,,,,,,,,,,,,,,,,,,,
070107,Cazón,0.8,82.9,78.5,0.0,18.7,0.0,0.0,0.0,0.0,0.0,0.9,0.2,0.2,0.3,51.0,70.0,70.0,0.0,0.0,0.0,,,,,,,,,,,,,,,,,,,,,
070108,Dorada,0.55,230.0,63.7,0.0,18.1,1.3,0.0,1.3,0.0,0.0,16.9,3.4,4.3,3.1,93.7,83.4,83.4,0.0,1.5,15.8,0.04,,,,,,,,,,,,,,,,,,,,
070109,Gallo,0.56,81.5,82.0,0.0,16.1,0.0,0.0,0.0,0.0,0.0,1.9,0.33,0.39,0.61,60.2,0.0,0.0,0.0,0.0,0.0,0.01,,,,,,,,,,,,,,,,,,,,
070110,Lenguado,0.7,83.7,80.7,0.0,17.5,0.5,0.0,0.5,0.0,0.0,1.3,0.2,0.3,0.5,56.6,0.0,0.0,0.0,0.0,1.1,0.2,,,,,,,,,,,,,,,,,,,,
070111,Lubina,0.84,97.9,78.4,0.0,19.3,0.0,0.0,0.0,0.0,0.0,2.3,0.41,0.61,0.6,80.0,27.0,27.0,,0.0,0.5,0.02,,,,,,,,,,,,,,,,,,,,
070112,Merluza,0.85,63.8,86.3,0.0,11.9,0.0,0.0,0.0,0.0,0.0,1.8,0.35,0.43,0.46,67.0,17.0,17.0,,0.0,0.35,0.02,,,,,,,,,,,,,,,,,,,,
070113,Mero,0.57,70.3,83.3,0.0,16.0,0.0,0.0,0.0,0.0,0.0,0.7,0.16,0.14,0.23,37.0,43.0,43.0,0.0,0.0,0.8,0.02,,,,,,,,,,,,,,,,,,,,
070114,Mújol,0.49,124.0,74.5,0.0,20.4,0.8,0.0,0.8,0.0,0.0,4.3,1.3,0.94,0.81,81.0,37.0,37.0,0.0,0.0,1.0,0.01,,,,,,,,,,,,,,,,,,,,
070115,Panga,1.0,65.6,83.8,0.0,13.4,0.3,0.0,0.3,0.0,0.0,1.2,0.47,0.44,0.17,29.8,2.0,,,0.05,0.16,,,,,,,,,,,,,,,,,,,,,
070116,Perca,1.0,88.8,79.8,0.0,18.6,0.0,0.0,0.0,0.0,0.0,1.6,0.24,0.63,0.43,42.0,9.0,9.0,0.0,,1.3,,,,,,,,,,,,,,,,,,,,,
070117,Pescadilla,0.75,74.0,82.5,0.0,16.7,0.0,0.0,0.0,0.0,0.0,0.8,0.09,0.23,0.17,56.8,30.0,30.0,0.0,0.0,0.5,0.02,,,,,,,,,,,,,,,,,,,,
070118,Platija,0.71,85.9,80.9,0.0,17.2,0.0,0.0,0.0,0.0,0.0,1.9,1.1,0.4,0.13,63.0,10.0,10.0,0.0,0.0,0.36,0.2,,,,,,,,,,,,,,,,,,,,
070119,Rape,0.9,65.6,84.5,0.0,14.9,0.0,0.0,0.0,0.0,0.0,0.67,0.17,0.11,0.31,25.0,12.0,12.0,,0.0,0.85,0.02,,,,,,,,,,,,,,,,,,,,
070120,Raya,0.55,97.3,77.3,0.0,20.6,0.8,0.0,0.8,0.0,0.0,1.3,0.29,0.29,0.53,65.0,27.0,27.0,0.0,0.0,0.0,0.01,,,,,,,,,,,,,,,,,,,,
070121,Rodaballo,0.48,82.1,81.6,0.0,16.7,0.0,0.0,0.0,0.0,0.0,1.7,0.53,0.39,0.56,25.0,11.0,11.0,,0.0,0.4,0.2,,,,,,,,,,,,,,,,,,,,
070122,Rosada,0.8,70.5,81.4,0.0,16.5,0.0,0.0,0.0,0.0,0.0,0.5,0.0,0.07,0.17,65.0,,,,,,,,,,,,,,,,,,,,,,,,,,
070201,Anguila,0.67,281.0,60.5,0.0,15.0,0.0,0.0,0.0,0.0,0.0,24.5,5.7,9.5,3.2,164.0,980.0,980.0,0.0,20.0,4.1,0.02,,,,,,,,,,,,,,,,,,,,
070202,Angula,1.0,205.0,68.2,0.0,16.3,0.0,0.0,0.0,0.0,0.0,15.5,3.2,9.9,1.5,50.0,1043.0,1043.0,0.0,110.0,5.6,0.02,,,,,,,,,,,,,,,,,,,,
070203,Arenque,0.5,233.0,64.0,0.0,18.2,0.0,0.0,0.0,0.0,0.0,17.8,3.3,2.9,3.1,77.0,38.0,38.0,0.0,27.0,1.5,0.02,,,,,,,,,,,,,,,,,,,,
070204,Atún,0.58,226.0,63.0,0.0,21.5,0.0,0.0,0.0,0.0,0.0,15.5,4.1,3.4,4.4,48.0,655.0,655.0,0.0,4.5,1.0,0.03,,,,,,,,,,,,,,,,,,,,
070205,Bonito,0.9,153.0,69.3,0.0,24.7,0.0,0.0,0.0,0.0,0.0,6.0,1.5,1.2,2.6,45.0,16.0,16.0,,5.0,0.9,0.04,,,,,,,,,,,,,,,,,,,,
070206,Boquerón,0.79,142.0,72.0,0.0,21.5,0.5,0.0,0.5,0.0,0.0,6.0,2.3,0.81,2.3,69.0,31.9,31.9,0.0,7.0,0.02,0.09,,,,,,,,,,,,,,,,,,,,
070207,Caballa,0.71,182.0,69.4,0.0,18.7,0.0,0.0,0.0,0.0,0.0,11.9,3.4,2.4,2.5,76.0,100.0,100.0,0.0,4.0,1.3,5.0,,,,,,,,,,,,,,,,,,,,
070208,Carpa,0.54,114.0,77.3,0.0,18.0,0.0,0.0,0.0,0.0,0.0,4.7,0.9,1.6,0.8,67.0,44.0,44.0,0.0,0.01,0.63,0.02,,,,,,,,,,,,,,,,,,,,
070209,Congrio,0.75,123.0,75.0,0.0,19.0,1.4,0.0,1.4,0.0,0.0,4.6,0.9,1.5,0.6,40.0,1043.0,500.0,0.0,22.0,4.1,0.03,,,,,,,,,,,,,,,,,,,,
070210,Jurel,0.71,118.0,75.6,0.0,19.8,0.8,0.0,0.8,0.0,0.0,3.9,0.79,0.69,0.51,79.0,12.0,12.0,0.0,16.0,2.6,0.02,,,,,,,,,,,,,,,,,,,,
070211,Palometa,0.6,125.0,75.0,0.0,20.0,0.0,0.0,0.0,0.0,0.0,5.0,0.7,0.3,0.8,79.0,36.0,36.0,0.0,16.0,2.6,0.02,,,,,,,,,,,,,,,,,,,,
070212,Pescaditos,1.0,79.8,83.8,0.0,11.4,1.8,0.0,1.8,0.0,0.0,3.0,1.2,0.4,1.2,34.5,28.0,28.0,0.0,8.0,0.02,0.02,,,,,,,,,,,,,,,,,,,,
070213,Pez espada,0.94,117.0,76.2,0.0,19.4,0.0,0.0,0.0,0.0,0.0,4.4,1.2,1.7,1.2,39.0,20.0,20.0,0.0,7.2,1.0,0.02,,,,,,,,,,,,,,,,,,,,
070214,Salmon,0.79,191.0,67.3,0.0,20.6,0.0,0.0,0.0,0.0,0.0,12.1,2.1,3.7,3.3,48.1,13.3,13.3,0.0,9.9,2.0,0.4,,,,,,,,,,,,,,,,,,,,
070215,Salmonete,0.74,109.0,77.5,0.0,18.7,0.0,0.0,0.0,0.0,0.0,3.8,0.9,0.88,1.4,70.0,9.0,9.0,0.0,0.8,0.51,0.3,,,,,,,,,,,,,,,,,,,,
070216,Sardina,0.68,157.0,72.6,0.0,18.0,0.0,0.0,0.0,0.0,0.0,9.4,2.6,2.9,2.9,79.8,62.9,62.9,0.0,7.9,1.6,0.09,,,,,,,,,,,,,,,,,,,,
070217,Sargo,0.54,104.0,79.6,0.0,15.0,1.0,0.0,1.0,0.0,0.0,4.4,0.57,0.85,2.5,70.0,48.0,48.0,0.0,0.0,0.4,0.02,,,,,,,,,,,,,,,,,,,,
070218,Trucha,0.52,136.0,74.6,0.0,18.8,0.0,0.0,0.0,0.0,0.0,6.7,1.7,2.0,2.2,67.2,34.5,34.5,0.0,2.0,1.5,0.3,,,,,,,,,,,,,,,,,,,,
070301,Merluza congelada,0.83,81.2,82.2,0.0,15.8,0.0,0.0,0.0,0.0,0.0,2.0,0.5,0.4,1.1,60.0,17.0,17.0,,0.0,0.42,0.01,,,,,,,,,,,,,,,,,,,,
070302,Pescadilla congelada,0.75,54.6,87.4,0.0,11.8,0.0,0.0,0.0,0.0,0.0,0.82,0.2,0.3,0.3,19.0,30.0,30.0,0.0,0.0,0.36,0.02,,,,,,,,,,,,,,,,,,,,
070401,Anchoa en aceite,1.0,253.0,55.8,0.0,28.6,0.37,0.0,0.37,0.0,0.0,15.2,2.8,2.8,8.3,70.6,67.4,67.4,0.0,11.8,0.98,0.04,,,,,,,,,,,,,,,,,,,,
070402,Atún al natural,1.0,99.4,75.9,0.0,23.5,0.0,0.0,0.0,0.0,0.0,0.6,0.2,0.1,0.2,51.0,17.0,17.0,0.0,4.0,0.55,0.03,,,,,,,,,,,,,,,,,,,,
070403,Atún en aceite,1.0,208.0,60.8,0.0,24.8,0.0,0.0,0.0,0.0,0.0,12.1,1.8,3.6,5.6,39.8,62.2,62.2,0.0,4.9,6.3,0.04,,,,,,,,,,,,,,,,,,,,
070404,Atún en escabeche,1.0,99.4,75.9,0.0,23.5,0.0,0.0,0.0,0.0,0.0,0.6,0.23,0.1,0.21,51.0,65.0,65.0,0.0,4.0,0.55,0.03,,,,,,,,,,,,,,,,,,,,
070405,Bonito en aceite,1.0,203.0,63.6,0.0,24.9,0.0,0.0,0.0,0.0,0.0,11.5,1.8,3.1,5.4,46.7,26.0,26.0,0.0,3.1,7.2,0.04,,,,,,,,,,,,,,,,,,,,
070406,Bonito en aceite de soja,1.0,207.0,59.1,0.0,32.2,0.0,0.0,0.0,0.0,0.0,8.7,1.8,1.8,4.2,33.0,18.0,18.0,,3.1,7.2,0.04,,,,,,,,,,,,,,,,,,,,
070407,Caballa en aceite,1.0,217.0,63.1,0.0,22.5,0.6,0.0,0.6,0.0,0.0,13.8,2.3,5.9,3.4,66.9,125.0,125.0,0.0,2.9,1.5,5.0,,,,,,,,,,,,,,,,,,,,
070408,Melva en aceite de oliva,1.0,184.0,63.2,0.0,27.5,2.0,,,0.0,0.0,7.3,1.1,5.5,0.65,40.0,5.0,5.0,0.0,,,,,,,,,,,,,,,,,,,,,,,
070409,Sardina con salsa de tomate,1.0,174.0,68.4,0.0,13.8,1.9,0.0,1.9,1.9,0.0,12.3,3.3,3.9,3.8,78.5,13.2,4.7,50.8,7.5,0.52,0.06,,,,,,,,,,,,,,,,,,,,
070410,Sardina en aceite,1.0,218.0,58.9,0.0,23.9,0.0,0.0,0.0,0.0,0.0,13.6,2.8,4.7,4.9,65.0,49.0,49.0,0.0,8.2,0.3,0.04,,,,,,,,,,,,,,,,,,,,
070411,Sardina en escabeche,1.0,131.0,76.7,0.0,15.0,0.8,0.0,0.8,0.0,0.0,7.5,2.6,1.8,2.3,100.0,32.0,32.0,0.0,7.0,1.6,0.03,,,,,,,,,,,,,,,,,,,,
070412,Sardinilla en aceite,1.0,218.0,58.9,0.0,23.9,0.0,0.0,0.0,0.0,0.0,13.6,2.8,4.7,4.9,65.0,49.0,49.0,0.0,8.2,0.3,0.04,,,,,,,,,,,,,,,,,,,,
070501,Salmon ahumado,1.0,140.0,67.7,0.0,25.4,0.0,0.0,0.0,0.0,0.0,4.3,0.8,1.8,1.4,35.0,26.0,26.0,0.0,19.0,1.7,0.3,,,,,,,,,,,,,,,,,,,,
070601,Almeja,0.25,76.6,82.1,0.0,15.4,1.5,0.0,1.5,0.0,0.0,1.0,0.3,0.2,0.2,34.0,90.0,90.0,0.0,0.0,0.4,0.1,,,,,,,,,,,,,,,,,,,,
070602,Berberecho,0.2,82.6,80.6,0.0,16.9,1.5,0.0,1.5,0.0,0.0,1.0,0.3,0.2,0.2,34.0,,,,0.0,0.4,0.1,,,,,,,,,,,,,,,,,,,,
070603,Bogavante,0.3,83.5,79.4,0.0,15.9,0.7,0.0,0.7,0.0,0.0,1.9,0.24,0.45,0.68,89.0,1.0,1.0,0.0,0.0,1.5,0.04,,,,,,,,,,,,,,,,,,,,
070604,Calamar,0.7,80.6,81.7,0.0,16.3,0.7,0.0,0.7,0.0,0.0,1.4,0.41,0.1,0.5,168.0,77.0,77.0,0.0,0.0,2.7,0.07,,,,,,,,,,,,,,,,,,,,
070605,Cangrejo y similares,0.44,124.0,75.4,0.0,19.5,0.0,0.0,0.0,0.0,0.0,5.1,0.69,1.1,2.2,100.0,31.0,31.0,,0.0,2.3,0.04,,,,,,,,,,,,,,,,,,,,
070606,Centollo,0.44,127.0,74.7,0.0,20.1,0.0,0.0,0.0,0.0,0.0,5.2,0.71,1.2,2.2,100.0,52.0,52.0,,0.0,2.3,0.05,,,,,,,,,,,,,,,,,,,,
070607,Chipirón,0.7,80.6,81.7,0.0,16.3,0.7,,0.0,0.0,0.0,1.4,0.41,0.1,0.5,168.0,77.0,10.0,0.0,0.0,2.7,,,,,,,,,,,,,,,,,,,,,
070608,Cigala,0.5,85.4,80.4,0.0,17.7,0.5,0.0,0.5,0.0,0.0,1.4,0.22,0.22,0.5,105.0,16.0,16.0,0.0,0.0,1.5,0.5,,,,,,,,,,,,,,,,,,,,
070609,Gamba roja,0.4,94.2,78.7,0.0,18.0,1.5,0.0,1.5,0.0,0.0,1.8,0.33,0.46,0.66,185.0,54.0,54.0,0.0,0.01,1.5,0.04,,,,,,,,,,,,,,,,,,,,
070610,Langosta,0.47,83.9,80.4,0.0,17.2,1.3,0.0,1.3,0.0,0.0,1.1,0.13,0.13,0.55,140.0,25.0,25.0,0.0,0.0,1.5,0.04,,,,,,,,,,,,,,,,,,,,
070611,Langostino,0.4,110.0,73.4,0.0,24.3,1.5,0.0,1.5,0.0,0.0,0.8,0.2,0.1,0.22,185.0,,,,0.01,1.5,0.04,,,,,,,,,,,,,,,,,,,,
070612,Mejillón,0.25,72.4,84.4,0.0,10.2,3.4,0.0,3.4,0.0,0.0,2.0,0.59,0.27,0.53,126.0,48.0,48.0,0.0,0.0,0.75,0.1,,,,,,,,,,,,,,,,,,,,
070613,Ostra,0.15,66.0,85.0,0.0,9.0,4.8,0.0,4.8,0.0,0.0,1.2,0.42,0.13,0.28,123.0,90.0,90.0,0.0,0.54,0.85,0.1,,,,,,,,,,,,,,,,,,,,
070614,Percebe,0.15,66.4,83.9,0.0,15.7,0.0,0.0,0.0,0.0,0.0,0.4,0.01,0.01,0.01,14.0,0.0,0.0,0.0,0.0,0.85,0.05,,,,,,,,,,,,,,,,,,,,
070615,Pulpo,0.79,89.8,79.3,0.0,17.9,1.4,0.0,1.4,0.0,0.0,1.4,0.3,0.2,0.5,48.0,45.0,45.0,0.0,0.0,2.1,0.07,,,,,,,,,,,,,,,,,,,,
070616,Quisquilla,0.46,81.8,80.3,0.0,17.6,1.5,0.0,1.5,0.0,0.0,0.6,0.1,0.2,0.1,195.0,,,,0.0,2.9,0.04,,,,,,,,,,,,,,,,,,,,
070617,Sepia,0.79,75.3,82.3,0.0,16.1,0.7,0.0,0.7,0.0,0.0,0.9,0.15,0.1,0.17,110.0,25.0,25.0,0.0,0.0,2.4,0.07,,,,,,,,,,,,,,,,,,,,
070618,Vieira,0.25,81.7,80.7,0.0,15.6,2.8,0.0,2.8,0.0,0.0,0.9,0.23,0.09,0.23,40.0,1.0,1.0,0.0,0.0,0.4,0.08,,,,,,,,,,,,,,,,,,,,
070619,Zamburiña,0.25,76.6,82.0,0.0,15.4,1.5,,0.0,0.0,0.0,1.0,0.3,0.2,0.2,34.0,90.0,1.0,0.0,,0.4,,,,,,,,,,,,,,,,,,,,,
070701,Bacalao salado,0.8,322.0,22.6,0.0,75.0,0.0,0.0,0.0,0.0,0.0,2.4,0.71,0.4,0.59,56.0,42.0,42.0,0.0,5.0,1.3,0.01,,,,,,,,,,,,,,,,,,,,
070801,Almeja en conserva,1.0,79.2,80.7,0.0,17.4,1.5,0.0,1.5,0.0,0.0,0.4,0.1,0.04,0.12,41.0,89.8,89.8,0.0,0.0,0.37,0.1,,,,,,,,,,,,,,,,,,,,
070802,Berberecho en conserva,1.0,79.2,80.7,0.0,17.4,1.5,0.0,1.5,0.0,0.0,0.4,0.1,0.04,0.12,41.0,89.8,89.8,0.0,0.0,0.37,0.1,,,,,,,,,,,,,,,,,,,,
070803,Bonito en escabeche,1.0,171.0,72.2,0.0,15.0,0.8,0.0,0.8,0.0,0.0,12.0,2.9,4.6,2.9,80.0,50.0,50.0,,20.0,0.55,,,,,,,,,,,,,,,,,,,,,
070804,Caballa ahumada,1.0,250.0,59.0,0.0,20.5,0.0,0.0,0.0,0.0,0.0,18.7,4.1,4.5,6.3,105.0,39.0,39.0,,8.0,0.25,,,,,,,,,,,,,,,,,,,,,
070805,Caballa en escabeche,1.0,171.0,72.2,0.0,15.0,0.8,0.0,0.8,0.0,0.0,12.0,2.9,4.6,2.9,80.0,50.0,50.0,,9.8,1.4,,,,,,,,,,,,,,,,,,,,,
070806,Calamar en salsa americana,1.0,195.0,70.2,0.0,13.1,1.5,0.0,1.5,0.0,0.0,15.2,2.2,8.4,2.0,170.0,302.0,77.0,1350.0,74.4,0.82,0.04,,,,,,,,,,,,,,,,,,,,
070807,Calamar en su tinta,1.0,117.0,70.2,0.0,13.3,6.3,0.0,6.3,6.3,0.0,4.3,,,,170.0,302.0,77.0,1350.0,74.4,0.82,0.04,,,,,,,,,,,,,,,,,,,,
070808,Mejillón en conserva al natural,1.0,82.1,83.1,0.0,12.0,2.0,0.0,2.0,0.0,0.0,2.9,0.46,0.49,0.71,100.0,53.1,53.1,0.0,0.0,1.2,0.07,,,,,,,,,,,,,,,,,,,,
070809,Mejillón en escabeche,1.0,77.7,83.7,0.0,11.8,2.0,0.0,2.0,0.0,0.0,2.5,0.47,0.46,0.71,61.9,53.1,53.1,0.0,0.0,1.3,0.07,,,,,,,,,,,,,,,,,,,,
070810,Navaja en conserva,1.0,89.2,78.9,0.0,20.0,0.05,0.0,0.05,0.0,0.0,1.0,,,,,90.0,90.0,0.0,,,,,,,,,,,,,,,,,,,,,,,
070811,Sardina ahumada o salada,1.0,202.0,65.9,0.0,21.0,0.0,0.0,0.0,0.0,0.0,13.1,2.9,5.7,2.8,70.0,40.0,40.0,,17.0,,,,,,,,,,,,,,,,,,,,,,
070901,Anca de rana,0.65,68.3,83.3,0.0,16.4,0.0,0.0,0.0,0.0,0.0,0.3,0.076,0.053,0.1,50.0,15.0,15.0,0.0,0.0,1.0,0.1,,,,,,,,,,,,,,,,,,,,
070902,Caracol,0.24,85.8,80.3,0.0,16.3,2.0,0.0,0.0,0.0,0.0,1.4,0.36,0.26,0.25,50.0,30.0,30.0,0.0,0.0,0.8,0.1,,,,,,,,,,,,,,,,,,,,
070903,Caviar,1.0,252.0,53.8,0.0,26.1,1.9,0.0,1.9,0.0,0.0,15.5,3.5,4.0,6.4,300.0,561.0,561.0,0.0,5.9,5.8,0.7,,,,,,,,,,,,,,,,,,,,
070904,Gulas salteadas en conserva,1.0,255.0,62.2,0.0,8.9,7.2,,0.9,0.0,0.0,21.2,,,,,20.0,20.0,,,,,,,,,,,,,,,,,,,,,,,,
070905,Huevas frescas,1.0,119.0,72.4,0.0,24.3,1.5,0.0,1.5,0.0,0.0,1.8,0.32,0.36,0.57,500.0,271.0,271.0,0.0,2.0,7.0,0.2,,,,,,,,,,,,,,,,,,,,
070906,Palito de cangrejo,1.0,82.9,80.4,0.0,12.6,6.1,6.1,0.0,0.0,0.0,0.9,0.2,0.2,0.4,35.0,20.0,20.0,0.0,0.0,0.85,0.1,,,,,,,,,,,,,,,,,,,,
080101,Clara de huevo,1.0,49.0,88.0,0.0,11.1,0.7,0.0,0.7,0.0,0.0,0.2,0.0,0.0,0.0,0.0,0.0,0.0,0.0,0.0,0.0,0.01,,,,,,,,,,,,,,,,,,,,
080102,Huevo de codorniz,0.88,155.0,75.3,0.0,13.1,0.41,0.0,0.41,0.0,0.0,11.2,3.1,4.9,1.3,844.0,90.0,90.0,0.0,5.1,0.74,0.3,,,,,,,,,,,,,,,,,,,,
080103,Huevo de gallina,0.87,,,,,,,,,,,,,,,,,,,,,0.11,0.37,3.3,0.12,51.2,2.1,1.8,25.0,0.0,56.2,216.0,2.2,12.7,2.0,12.1,144.0,147.0,0.071,0.065,10.0
080104,Huevo de pato,0.89,,,,,,,,,,,,,,,,,,,,,0.16,0.53,4.5,0.25,80.0,5.4,1.9,,0.0,63.0,178.0,2.7,13.0,1.4,16.0,100.0,150.0,0.1,0.5,36.4
080105,Yema de huevo,1.0,,,,,,,,,,,,,,,,,,,,,0.29,0.4,4.2,0.3,159.0,2.0,3.7,53.0,0.0,140.0,590.0,7.2,12.0,3.8,16.0,51.0,138.0,0.13,0.35,19.0
090101,Azúcar blanco,1.0,,,,,,,,,,,,,,,,,,,,,0.0,0.0,0.0,0.0,0.0,0.0,0.0,0.0,0.0,0.6,0.3,0.29,0.0,0.1,0.2,0.3,2.2,0.01,0.043,0.6
090102,Azúcar moreno,1.0,,,,,,,,,,,,,,,,,,,,,0.008,0.007,1.0,0.02,1.0,0.0,0.11,,0.0,85.0,24.0,1.9,0.0,0.1,22.0,40.0,320.0,0.32,0.3,1.2
090103,Fructosa,1.0,,,,,,,,,,,,,,,,,,,,,0.0,0.0,0.0,0.0,0.0,0.0,,,0.0,0.1,0.1,0.07,5.0,0.01,0.0,0.1,0.3,,,0.5
090104,"Granadina, jarabe",1.0,,,,,,,,,,,,,,,,,,,,,0.0,0.0,0.0,0.0,0.0,0.0,,,0.0,6.0,4.0,0.05,,0.13,4.0,27.0,28.0,,,0.6
090105,Jalea real,1.0,,,,,,,,,,,,,,,,,,,,,0.02,0.02,0.0,0.0,,0.0,,,4.0,10.0,10.0,0.2,,,,12.0,69.0,,,2.0
090106,Jarabe,1.0,,,,,,,,,,,,,,,,,,,,,0.0,0.01,0.0,0.0,0.0,0.0,,,0.0,74.0,2.0,2.5,5.0,0.1,34.0,50.0,220.0,,,1.0
090107,Miel,1.0,,,,,,,,,,,,,,,,,,,,,0.003,0.05,0.28,0.16,5.0,0.0,0.07,,2.4,5.9,4.9,1.3,0.5,0.35,1.7,2.4,45.0,0.03,0.09,4.7
090202,Barrita de chocolate con galleta,1.0,,,,,,,,,,,,,,,,,,,,,0.07,0.26,0.4,0.06,9.0,0.54,0.47,,1.0,106.0,153.0,1.2,3.1,1.1,52.0,125.0,200.0,1.1,0.31,2.3
090203,Bombón,1.0,,,,,,,,,,,,,,,,,,,,,0.06,0.14,1.9,0.02,10.0,0.0,0.9,,0.0,121.0,120.0,1.3,6.0,1.7,43.0,58.0,420.0,0.49,0.57,2.8
090204,Cacao en polvo,0.0,,,,,,,,,,,,,,,,,,,,,1.0,0.076,0.12,1.2,0.01,107.0,,0.82,,0.5,140.0,690.0,48.5,3.1,6.4,500.0,45.0,3900.0,4.1,3.9
090205,Cacao en polvo azucarado,1.0,,,,,,,,,,,,,,,,,,,,,0.1,0.56,3.1,0.11,15.0,1.3,0.89,20.0,1.8,141.0,315.0,1.2,3.1,1.5,83.0,504.0,712.0,0.27,0.29,5.0
090206,Cacao en polvo bajo en calorías,1.0,,,,,,,,,,,,,,,,,,,,,0.27,1.4,1.1,0.32,15.0,1.6,3.8,,1.8,576.0,893.0,5.0,3.1,3.4,208.0,1121.0,2702.0,0.67,0.73,16.7
090207,Chocolate blanco,1.0,,,,,,,,,,,,,,,,,,,,,0.08,0.49,5.4,0.07,10.0,0.0,0.59,2.0,0.0,270.0,230.0,0.2,6.0,0.9,26.0,110.0,350.0,0.24,0.45,3.0
090208,Chocolate con leche,1.0,,,,,,,,,,,,,,,,,,,,,0.11,0.37,2.2,0.11,10.0,0.0,0.9,3.0,0.0,247.0,261.0,1.7,5.5,1.7,71.0,58.0,465.0,0.24,0.45,3.0
090209,Chocolate con leche y almendra,1.0,,,,,,,,,,,,,,,,,,,,,0.07,0.44,2.6,0.05,13.0,0.0,0.43,,0.0,195.0,243.0,1.2,12.0,1.7,85.7,62.0,365.0,0.62,0.42,4.0
090210,Chocolate en polvo a la taza,1.0,,,,,,,,,,,,,,,,,,,,,0.06,0.04,2.1,0.02,10.0,0.0,0.9,,0.0,141.0,190.0,2.4,3.1,1.9,150.0,250.0,410.0,0.27,1.1,5.0
090211,Chocolate puro,1.0,,,,,,,,,,,,,,,,,,,,,0.04,0.13,1.2,0.05,10.0,0.0,0.35,0.01,0.0,63.0,287.0,0.92,5.5,1.4,100.0,19.0,397.0,0.063,1.4,2.3
090212,Crema de cacao y avellanas,1.0,,,,,,,,,,,,,,,,,,,,,0.03,0.01,2.0,0.1,11.0,0.0,0.46,,0.0,130.0,180.0,2.2,12.0,1.0,65.0,50.0,390.0,1.1,0.48,3.8
090213,Trufa de chocolate,1.0,,,,,,,,,,,,,,,,,,,,,0.087,0.25,0.3,0.32,9.0,9.0,,,0.1,157.0,171.0,1.8,,1.6,48.0,68.0,297.0,,,3.4
090301,Cacahuete cubierto de chocolate,1.0,513.0,1.2,0.0,9.4,60.5,3.5,53.5,49.5,2.7,25.4,9.8,12.0,2.5,7.5,103.0,103.0,,0.04,2.9,,,,,,,,,,,,,,,,,,,,,
090302,Dulce de leche,1.0,321.0,26.6,0.0,5.2,62.0,0.6,61.3,61.3,0.7,5.6,4.2,1.0,0.14,12.0,74.0,73.0,14.0,0.15,0.2,1.3,,,,,,,,,,,,,,,,,,,,
090303,Mazapán,1.0,503.0,2.4,0.0,8.0,58.7,9.7,49.0,49.0,6.0,24.9,2.0,17.1,4.7,53.3,14.0,14.0,0.0,0.1,10.8,1.5,,,,,,,,,,,,,,,,,,,,
090304,Merengue,1.0,416.0,1.2,5.4,,91.6,0.0,91.6,91.6,0.0,1.3,0.0,0.0,0.0,0.0,0.0,0.0,0.0,0.0,0.0,,,,,,,,,,,,,,,,,,,,,
090305,Peladilla,1.0,469.0,2.3,0.0,10.0,65.8,3.3,62.5,59.2,2.5,17.9,1.9,12.1,3.9,0.0,0.0,0.0,0.0,0.0,12.4,0.0,,,,,,,,,,,,,,,,,,,,
090306,Polvorón de almendra,1.0,479.0,8.6,0.0,5.5,59.3,36.1,23.2,23.2,2.8,23.8,10.1,10.9,2.9,32.1,10.8,10.8,1.3,0.085,3.1,11.8,,,,,,,,,,,,,,,,,,,,
090307,Turrón de Alicante,1.0,516.0,3.5,0.0,13.0,46.0,0.9,45.1,45.1,8.2,29.3,2.4,19.1,6.5,0.0,0.0,0.0,0.0,10.5,10.5,2.0,,,,,,,,,,,,,,,,,,,,
090308,Turrón de Jijona,1.0,488.0,12.8,0.0,13.2,34.7,3.8,30.9,30.9,8.2,31.1,3.0,19.9,6.9,0.0,14.0,14.0,0.0,0.0,10.5,2.0,,,,,,,,,,,,,,,,,,,,
090401,Bizcocho,1.0,377.0,24.0,0.0,6.0,54.0,23.0,31.0,29.0,1.0,15.0,2.5,,,67.0,311.0,275.0,215.0,0.0,2.8,2.5,,,,,,,,,,,,,,,,,,,,
090402,Bizcocho de chocolate,1.0,365.0,28.5,0.0,6.6,45.0,15.0,30.0,28.0,2.9,17.0,4.3,,,121.0,1.0,1.0,0.0,2.5,2.7,5.0,,,,,,,,,,,,,,,,,,,,
090403,Bizcocho de soletilla,1.0,298.0,28.1,0.0,6.4,61.3,33.5,27.8,25.8,1.5,2.7,0.7,,,,,,,,,,,,,,,,,,,,,,,,,,,,,
090404,Bollo,1.0,443.0,16.6,0.0,6.6,50.8,49.6,1.2,0.0,3.0,23.0,8.3,9.5,4.2,43.0,157.0,135.0,130.0,1.4,2.2,5.0,,,,,,,,,,,,,,,,,,,,
090405,Bollo de leche,1.0,346.0,29.2,0.0,9.7,46.5,38.3,8.2,6.2,1.4,13.2,2.9,5.6,3.5,93.0,11.0,11.0,2.5,0.6,0.8,5.0,,,,,,,,,,,,,,,,,,,,
090406,Bollo relleno de chocolate,1.0,403.0,23.2,0.0,3.9,50.6,10.7,40.0,38.0,2.2,20.1,5.9,7.3,4.6,22.0,1.0,1.0,0.0,0.0,5.2,28.9,,,,,,,,,,,,,,,,,,,,
090407,Bollo tipo donette,1.0,457.0,17.3,0.0,5.7,49.0,21.0,28.0,26.0,2.0,26.0,16.0,,,61.0,12.0,11.0,3.0,0.8,1.7,5.0,,,,,,,,,,,,,,,,,,,,
090408,Bollo tipo donut,1.0,419.0,22.8,0.0,6.0,46.0,25.0,21.0,19.0,2.2,23.0,12.0,,,,3.0,3.0,,0.8,1.8,5.0,,,,,,,,,,,,,,,,,,,,
090409,Bollo tipo donut de chocolate,1.0,435.0,21.4,0.0,5.4,46.0,17.0,29.0,27.0,2.2,25.0,14.0,,,,4.0,3.0,3.0,0.8,2.5,5.0,,,,,,,,,,,,,,,,,,,,
090410,Bollo tipo donut sin gluten,1.0,468.0,18.0,0.0,2.0,52.0,28.0,24.0,24.0,0.0,28.0,12.0,,,40.0,,,,,,,,,,,,,,,,,,,,,,,,,,
090411,Churro,1.0,361.0,34.2,0.0,4.6,40.0,39.6,0.4,0.0,1.2,20.0,2.6,6.4,10.0,0.0,21.0,20.0,5.0,0.0,0.34,32.7,,,,,,,,,,,,,,,,,,,,
090412,Croissant,1.0,444.0,15.9,0.0,7.0,52.6,39.7,12.9,10.9,2.1,22.4,7.7,6.4,3.1,75.0,20.9,20.9,0.0,0.16,0.43,5.0,,,,,,,,,,,,,,,,,,,,
090413,Croissant de chocolate,1.0,437.0,19.0,0.0,8.7,44.2,34.0,10.2,8.2,4.0,24.1,13.7,6.6,1.1,60.0,167.0,162.0,30.5,0.0,0.43,5.0,,,,,,,,,,,,,,,,,,,,
090414,Ensaimada,1.0,474.0,14.0,0.0,8.1,48.4,33.3,15.1,13.1,2.4,27.0,14.1,,,60.0,19.5,19.0,3.0,0.14,0.78,5.0,,,,,,,,,,,,,,,,,,,,
090415,Magdalena,1.0,441.0,19.1,0.0,4.4,51.7,26.9,24.8,22.8,1.0,23.9,7.1,14.7,1.0,41.0,77.0,77.0,,0.42,0.67,5.0,,,,,,,,,,,,,,,,,,,,
090416,Medias noches,1.0,354.0,25.4,0.0,8.4,52.0,41.0,11.0,9.0,2.2,12.0,5.5,,,,0.0,0.0,,,0.29,,,,,,,,,,,,,,,,,,,,,
090417,Palmera,1.0,539.0,1.6,0.0,5.0,61.0,39.5,21.5,19.5,2.4,30.0,15.2,11.5,2.3,92.0,0.0,0.0,0.0,0.92,4.8,5.0,,,,,,,,,,,,,,,,,,,,
090418,Sobao,1.0,465.0,14.5,0.0,6.5,53.0,23.0,30.0,28.0,1.0,25.0,12.5,,,225.0,44.0,44.0,5.5,0.42,2.5,5.0,,,,,,,,,,,,,,,,,,,,
090419,Suizo,1.0,401.0,23.5,0.0,5.5,48.4,14.0,34.5,32.5,2.5,20.1,12.4,5.8,1.0,190.0,0.0,0.0,,0.76,0.72,5.0,,,,,,,,,,,,,,,,,,,,
090420,Torta de aceite,1.0,511.0,0.3,0.0,6.5,66.8,48.4,18.4,15.3,2.9,23.5,3.5,18.0,1.9,0.0,0.17,0.0,1.0,,,,,,,,,,,,,,,,,,,,,,,
090421,Valenciana,1.0,430.0,16.5,0.0,5.1,53.1,26.2,27.3,25.3,4.4,20.9,3.2,4.8,12.6,41.0,16.9,14.9,11.8,0.42,4.4,5.0,,,,,,,,,,,,,,,,,,,,
090501,Barquillo,1.0,427.0,0.5,0.0,8.1,81.5,45.6,35.9,33.9,3.0,6.9,1.2,1.8,3.3,0.0,0.0,0.0,0.0,0.0,0.78,1.8,,,,,,,,,,,,,,,,,,,,
090502,Galleta cubierta de chocolate,1.0,491.0,5.6,0.0,6.9,60.4,26.1,34.3,31.2,3.1,24.0,12.4,8.8,1.3,15.0,1.0,1.0,1.0,0.0,1.1,4.0,,,,,,,,,,,,,,,,,,,,
090503,Galleta doble rellena de chocolate,1.0,487.0,6.1,0.0,6.9,60.4,26.1,34.3,31.2,3.1,23.5,12.4,8.8,1.3,15.0,2.0,2.0,0.0,0.0,1.1,4.0,,,,,,,,,,,,,,,,,,,,
090504,Galleta integral,1.0,427.0,13.4,0.0,10.0,42.9,27.5,15.4,12.3,12.5,21.2,10.2,7.6,1.3,0.0,0.0,0.0,0.0,0.0,0.0,4.0,,,,,,,,,,,,,,,,,,,,
090505,Galleta tipo cookie,1.0,476.0,5.2,0.0,6.2,64.0,32.0,32.0,28.9,3.3,21.0,10.3,7.7,1.8,88.0,18.0,18.0,,2.2,2.3,4.0,,,,,,,,,,,,,,,,,,,,
090506,Galleta tipo digestive,1.0,469.0,5.8,0.0,6.3,63.0,50.0,13.0,9.9,4.6,20.3,9.0,8.3,2.0,41.0,0.0,0.0,0.0,0.0,0.0,4.0,,,,,,,,,,,,,,,,,,,,
090507,Galleta tipo digestive con chocolate,1.0,501.0,4.3,0.0,6.8,62.6,34.9,27.8,24.7,3.1,24.1,12.2,8.9,1.6,51.0,0.0,0.0,0.0,0.0,1.1,4.0,,,,,,,,,,,,,,,,,,,,
090508,Galleta tipo Maria,1.0,482.0,1.8,0.0,7.1,69.0,44.2,24.8,22.8,3.1,19.0,9.7,5.7,2.5,65.9,0.0,0.0,0.0,0.0,0.0,4.0,,,,,,,,,,,,,,,,,,,,
090509,Galleta tipo sandwich,1.0,447.0,8.8,0.0,2.9,67.7,25.6,41.2,38.0,2.9,17.7,5.9,5.9,2.9,0.0,0.0,0.0,0.0,,,,,,,,,,,,,,,,,,,,,,,
090601,Almendrado,1.0,431.0,13.9,0.0,9.0,57.0,1.0,56.0,56.0,2.0,18.1,1.5,12.4,3.4,0.0,0.33,0.0,2.0,0.0,12.4,,,,,,,,,,,,,,,,,,,,,
090602,Buñuelo,1.0,266.0,50.8,0.0,6.0,26.3,25.1,1.2,1.2,1.6,14.8,4.9,7.4,1.2,76.4,81.6,41.1,6.5,0.34,0.92,17.1,,,,,,,,,,,,,,,,,,,,
090603,Crema pastelera,1.0,158.0,66.1,0.0,4.9,22.3,4.8,17.5,17.5,0.3,5.4,2.6,2.0,0.47,120.0,93.3,0.0,0.0,0.0,,,,,,,,,,,,,,,,,,,,,,
090604,Gofre,1.0,225.0,58.1,0.0,4.8,23.9,15.8,8.1,8.1,0.97,12.0,6.8,3.4,0.76,85.2,119.0,41.2,7.7,0.36,0.65,9.5,,,,,,,,,,,,,,,,,,,,
090605,Milhoja con nata y crema,1.0,281.0,47.2,0.0,4.5,33.0,22.2,10.8,10.8,1.0,14.3,9.0,4.2,0.61,127.0,24.0,23.0,,0.4,1.1,1.3,,,,,,,,,,,,,,,,,,,,
090606,Pasta de te,1.0,446.0,5.2,0.0,6.9,73.0,59.1,13.9,13.9,1.1,13.8,3.5,7.7,1.9,0.0,0.0,0.0,0.0,0.0,0.12,5.9,,,,,,,,,,,,,,,,,,,,
090607,Pastel de chocolate,1.0,443.0,23.3,0.0,5.2,41.8,6.1,35.7,35.7,1.8,27.9,16.9,8.7,1.0,148.0,,,,0.7,0.88,3.8,,,,,,,,,,,,,,,,,,,,
090608,Pastel relleno de crema,1.0,370.0,21.6,0.0,3.1,63.5,28.7,34.6,34.6,0.4,11.4,2.6,4.1,3.3,60.0,5.0,5.0,0.0,1.0,2.0,1.3,,,,,,,,,,,,,,,,,,,,
090609,Profiteroles con chocolate,1.0,302.0,38.5,0.0,5.5,42.0,34.0,8.0,8.0,2.0,12.0,7.3,,,61.5,,,,,,,,,,,,,,,,,,,,,,,,,,
090610,Profiteroles sin chocolate,1.0,374.0,42.5,0.0,6.0,20.0,8.1,11.9,11.9,2.0,29.5,20.0,,,42.0,,,,0.0,,,,,,,,,,,,,,,,,,,,,,
090611,Pudin de pasas,1.0,211.0,58.0,0.0,4.6,24.7,6.1,18.8,18.8,3.0,9.7,4.5,4.0,0.7,45.0,24.5,23.0,9.0,0.2,0.64,1.3,,,,,,,,,,,,,,,,,,,,
090612,Tarta de crema pastelera y manzana,1.0,208.0,59.0,0.0,1.8,28.7,11.5,17.2,7.0,1.3,9.2,2.9,3.3,2.1,7.0,16.8,14.0,17.0,0.2,0.5,4.2,,,,,,,,,,,,,,,,,,,,
090613,Tarta de frutas,1.0,332.0,26.4,0.0,2.9,57.9,30.5,27.4,10.4,3.7,9.1,1.0,4.2,3.3,60.0,7.7,7.0,4.0,0.31,0.45,1.5,,,,,,,,,,,,,,,,,,,,
090614,Tortita sin nata,1.0,297.0,52.9,0.0,5.8,43.0,24.0,19.0,14.0,1.3,11.0,6.7,,,,75.4,61.0,12.2,0.41,0.61,13.9,,,,,,,,,,,,,,,,,,,,
090701,Caramelo,1.0,382.0,4.6,0.0,0.4,95.0,0.0,95.0,95.0,0.0,0.0,0.0,0.0,0.0,0.0,0.0,0.0,0.0,0.0,0.0,0.0,,,,,,,,,,,,,,,,,,,,
090702,Chicle,1.0,390.0,3.0,0.0,0.0,96.7,0.0,96.7,96.7,0.0,0.3,0.042,0.079,0.14,0.0,0.0,0.0,0.0,0.0,0.0,0.0,,,,,,,,,,,,,,,,,,,,
090703,Chicle sin azúcar,1.0,2.7,3.0,0.0,0.0,0.0,0.0,0.0,0.0,0.0,0.3,0.042,0.079,0.14,0.0,0.0,0.0,0.0,0.0,0.0,0.0,,,,,,,,,,,,,,,,,,,,
090704,Polo de hielo,1.0,134.0,68.2,0.0,1.0,29.5,0.0,29.5,29.5,0.0,1.3,0.9,0.0,0.0,0.0,0.0,0.0,0.0,0.0,0.1,0.0,,,,,,,,,,,,,,,,,,,,
090705,Regaliz,1.0,323.0,6.6,0.0,3.9,71.5,6.3,65.2,65.2,2.0,1.9,0.6,0.5,0.7,0.0,0.0,0.0,0.0,0.0,0.0,,,,,,,,,,,,,,,,,,,,,
100101,Aceite de cacahuete,1.0,900.0,0.0,0.0,0.0,0.0,0.0,0.0,0.0,0.0,100.0,16.9,46.2,32.0,0.0,0.0,0.0,0.0,0.0,15.7,0.7,,,,,,,,,,,,,,,,,,,,
100102,Aceite de coco,1.0,900.0,0.0,0.0,0.0,0.0,0.0,0.0,0.0,0.0,100.0,86.5,5.8,1.8,0.0,0.0,0.0,0.0,0.0,0.11,0.5,,,,,,,,,,,,,,,,,,,,
100103,Aceite de colza,1.0,900.0,0.0,0.0,0.0,0.0,0.0,0.0,0.0,0.0,100.0,7.0,60.5,26.3,0.0,0.0,0.0,,0.0,42.0,,,,,,,,,,,,,,,,,,,,,
100104,Aceite de germen de trigo,1.0,899.0,0.1,0.0,0.0,0.0,0.0,0.0,0.0,0.0,99.9,18.8,15.1,61.7,0.0,0.0,0.0,0.0,0.0,215.0,,,,,,,,,,,,,,,,,,,,,
100105,Aceite de girasol,1.0,899.0,0.1,0.0,0.0,0.0,0.0,0.0,0.0,0.0,99.9,12.0,20.5,63.3,0.0,4.3,0.0,26.0,0.0,62.2,9.4,,,,,,,,,,,,,,,,,,,,
100106,Aceite de Hígado de bacalao,1.0,899.0,0.1,0.0,0.0,0.0,0.0,0.0,0.0,0.0,99.9,21.1,44.6,30.5,650.0,18000.0,18000.0,0.0,210.0,20.0,,,,,,,,,,,,,,,,,,,,,
100107,Aceite de lino,1.0,900.0,0.12,0.0,0.11,0.0,0.0,0.0,0.0,0.0,100.0,9.0,18.4,67.8,0.0,0.0,0.0,0.0,0.0,3.6,9.3,,,,,,,,,,,,,,,,,,,,
100108,Aceite de maíz,1.0,899.0,0.1,0.0,0.0,0.0,0.0,0.0,0.0,0.0,99.9,14.5,29.9,51.3,0.0,0.0,0.0,0.0,0.0,34.0,31.0,,,,,,,,,,,,,,,,,,,,
100109,Aceite de nuez,1.0,898.0,0.0,0.0,0.0,0.0,0.0,0.0,0.0,0.0,99.8,9.3,17.1,69.0,0.0,0.0,0.0,0.0,0.0,10.8,,,,,,,,,,,,,,,,,,,,,
100110,Aceite de oliva,1.0,899.0,0.1,0.0,0.0,0.0,0.0,0.0,0.0,0.0,99.9,14.3,73.0,8.2,0.0,0.0,0.0,0.0,0.0,5.1,49.6,,,,,,,,,,,,,,,,,,,,
100111,Aceite de oliva virgen,1.0,899.0,0.1,0.0,0.0,0.0,0.0,0.0,0.0,0.0,99.9,14.5,71.0,10.0,0.0,0.0,0.0,0.0,0.0,12.0,49.6,,,,,,,,,,,,,,,,,,,,
100112,Aceite de oliva virgen extra,1.0,899.0,0.1,0.0,0.0,0.0,0.0,0.0,0.0,0.0,99.9,14.5,71.0,10.0,0.0,0.0,0.0,0.0,0.0,19.8,49.6,,,,,,,,,,,,,,,,,,,,
100113,Aceite de oliva virgen extra ecológico,1.0,899.0,0.1,0.0,0.0,0.0,0.0,0.0,0.0,0.0,99.9,14.5,71.0,10.0,0.0,34.0,0.0,0.0,0.0,19.8,49.6,,,,,,,,,,,,,,,,,,,,
100114,Aceite de palma,1.0,899.0,0.1,0.0,0.0,0.0,0.0,0.0,0.0,0.0,99.9,47.8,37.1,10.4,0.0,9.3,4.1,31.0,8.0,9.5,8.0,,,,,,,,,,,,,,,,,,,,
100115,Aceite de semilla de uva,1.0,899.0,0.0,0.0,0.0,0.0,0.0,0.0,0.0,,99.9,11.1,18.9,66.0,0.0,0.0,0.0,0.0,0.0,15.3,,,,,,,,,,,,,,,,,,,,,
100116,Aceite de sésamo,1.0,900.0,0.0,0.0,0.0,0.0,0.0,0.0,0.0,0.0,100.0,14.2,39.7,41.7,0.0,0.0,0.0,0.0,0.0,4.1,,,,,,,,,,,,,,,,,,,,,
100117,Aceite de soja,1.0,900.0,0.01,0.0,0.0,0.0,0.0,0.0,0.0,0.0,100.0,15.6,21.2,58.8,0.0,0.0,0.0,0.0,0.0,16.8,138.0,,,,,,,,,,,,,,,,,,,,
100201,Mantequilla,1.0,734.0,15.9,0.0,0.85,0.06,0.0,0.06,0.0,0.0,81.1,51.4,21.0,3.0,215.0,739.0,671.0,410.0,1.0,2.3,7.0,,,,,,,,,,,,,,,,,,,,
100202,Mantequilla ligera,1.0,517.0,39.7,0.0,3.3,1.9,1.9,0.0,0.0,0.0,55.1,34.3,15.9,2.0,106.0,474.0,456.0,107.0,1.0,1.6,4.8,,,,,,,,,,,,,,,,,,,,
100203,Mantequilla salada,1.0,736.0,18.0,0.0,0.89,0.7,0.0,0.7,0.0,0.0,81.1,40.8,33.4,3.3,215.0,697.0,671.0,158.0,1.4,2.3,7.0,,,,,,,,,,,,,,,,,,,,
100204,Margarina,1.0,722.0,19.4,0.0,0.2,0.4,0.0,0.4,0.0,0.0,80.0,23.8,31.0,19.5,115.0,638.0,530.0,650.0,8.0,10.0,93.0,,,,,,,,,,,,,,,,,,,,
100205,Margarina con esteroles,1.0,387.0,53.9,0.0,0.1,0.95,0.45,0.5,0.0,0.3,42.5,8.5,9.0,17.5,0.0,,,,4.3,5.7,93.0,,,,,,,,,,,,,,,,,,,,
100206,Margarina de maíz,1.0,740.0,15.1,0.0,0.9,4.0,4.0,0.0,0.0,0.0,80.0,13.0,32.0,31.0,2.0,731.0,662.0,414.0,3.8,7.5,1.5,,,,,,,,,,,,,,,,,,,,
100207,Margarina ligera,1.0,371.0,58.0,0.0,1.6,1.1,0.6,0.5,0.0,0.0,40.0,11.3,13.5,13.9,4.2,584.0,500.0,500.0,2.5,6.0,93.0,,,,,,,,,,,,,,,,,,,,
100208,Margarina salada,1.0,730.0,15.8,0.0,0.9,0.5,0.0,0.5,0.0,0.0,80.5,15.8,35.8,25.4,0.0,731.0,650.0,485.0,8.0,12.8,93.0,,,,,,,,,,,,,,,,,,,,
100209,Margarina vegetal enriquecida,1.0,731.0,17.2,0.0,0.5,0.4,0.0,0.4,0.0,0.0,80.8,22.6,31.9,22.8,0.0,672.0,560.0,670.0,8.0,26.5,,,,,,,,,,,,,,,,,,,,,
100301,Manteca de cacao,1.0,900.0,0.0,0.0,0.0,0.0,0.0,0.0,0.0,0.0,100.0,59.7,32.9,3.0,0.0,0.0,0.0,0.0,,1.8,24.7,,,,,,,,,,,,,,,,,,,,
100302,Manteca de cerdo,1.0,891.0,1.0,0.0,0.0,0.0,0.0,0.0,0.0,0.0,99.0,40.6,43.0,9.8,93.0,0.0,0.0,0.0,0.0,1.6,7.0,,,,,,,,,,,,,,,,,,,,
110101,Agua con gas embotellada,1.0,0.0,100.0,0.0,0.0,0.0,0.0,0.0,0.0,0.0,0.0,0.0,0.0,0.0,0.0,0.0,0.0,0.0,0.0,0.0,0.0,,,,,,,,,,,,,,,,,,,,
110102,Agua corriente,1.0,0.0,100.0,0.0,0.0,0.0,0.0,0.0,0.0,0.0,0.0,0.0,0.0,0.0,0.0,0.0,0.0,0.0,0.0,0.0,0.0,,,,,,,,,,,,,,,,,,,,
110103,Agua de mineralización débil,1.0,0.0,100.0,0.0,0.0,0.0,0.0,0.0,0.0,0.0,0.0,0.0,0.0,0.0,0.0,0.0,0.0,0.0,0.0,0.0,0.0,,,,,,,,,,,,,,,,,,,,
110104,Agua sin gas embotellada,1.0,0.0,100.0,0.0,0.0,0.0,0.0,0.0,0.0,0.0,0.0,0.0,0.0,0.0,0.0,0.0,0.0,0.0,0.0,0.0,0.0,,,,,,,,,,,,,,,,,,,,
110105,Bíter sin alcohol,1.0,42.0,89.5,0.0,0.0,10.5,0.0,10.5,10.5,0.0,0.0,0.0,0.0,0.0,0.0,0.0,0.0,0.0,0.0,,,,,,,,,,,,,,,,,,,,,,
110106,Gaseosa,1.0,21.6,94.6,0.0,0.0,5.4,0.0,5.4,5.4,0.0,0.0,0.0,0.0,0.0,0.0,0.0,0.0,0.0,0.0,0.0,0.0,,,,,,,,,,,,,,,,,,,,
110107,Gaseosa sin calorías,1.0,0.32,99.9,0.0,0.01,0.07,0.0,0.07,0.0,0.0,0.0,,,,,0.0,0.0,0.0,0.0,,,,,,,,,,,,,,,,,,,,,,
110108,Limonada,1.0,17.0,94.6,0.0,0.5,1.9,0.0,1.9,1.5,2.8,0.2,0.02,0.02,0.06,0.0,1.7,0.0,0.0,0.0,0.8,,,,,,,,,,,,,,,,,,,,,
110109,Refresco aroma lima- limón,1.0,58.4,85.4,0.0,0.0,14.6,0.0,14.6,14.6,0.0,0.0,0.0,0.0,0.0,0.0,0.0,0.0,0.0,0.0,0.0,0.0,,,,,,,,,,,,,,,,,,,,
110110,Refresco de té,1.0,36.4,90.9,0.0,0.0,9.1,0.0,9.1,9.1,0.0,0.0,0.0,0.0,0.0,0.0,,,,,,,,,,,,,,,,,,,,,,,,,,
110111,Refresco de té bajo en calorías,1.0,0.0,100.0,0.0,0.0,0.0,0.0,0.0,0.0,0.0,0.0,0.0,0.0,0.0,0.0,0.0,0.0,0.0,,,,,,,,,,,,,,,,,,,,,,,
110112,Refresco sabor cola,1.0,43.6,89.2,0.0,0.0,10.9,0.0,10.9,10.9,0.0,0.0,0.0,0.0,0.0,0.0,0.0,0.0,0.0,0.0,0.0,0.0,,,,,,,,,,,,,,,,,,,,
110113,Refresco sabor cola bajo en calorías,1.0,0.4,99.9,0.0,0.0,0.1,0.0,0.1,0.1,0.0,0.0,0.0,0.0,0.0,0.0,0.0,0.0,0.0,0.0,0.0,0.0,,,,,,,,,,,,,,,,,,,,
110114,Refresco sabor cola sin cafeína,1.0,43.2,89.3,0.0,0.0,10.8,0.0,10.8,10.8,0.0,0.0,0.0,0.0,0.0,0.0,0.0,0.0,0.0,0.0,0.0,0.0,,,,,,,,,,,,,,,,,,,,
110115,Refresco sabor cola sin cafeína bajo en calorías,1.0,0.8,99.8,0.0,0.1,0.1,0.0,0.1,0.1,0.0,0.0,0.0,0.0,0.0,0.0,0.0,0.0,0.0,0.0,0.0,0.0,,,,,,,,,,,,,,,,,,,,
110116,Refresco sabor limón,1.0,45.6,88.6,0.0,0.0,11.4,0.0,11.4,11.4,0.0,0.0,0.0,0.0,0.0,0.0,0.0,0.0,0.0,0.0,0.0,0.0,,,,,,,,,,,,,,,,,,,,
110117,Refresco sabor naranja,1.0,42.0,89.5,0.0,0.0,10.5,0.0,10.5,10.5,0.0,0.0,0.0,0.0,0.0,0.0,0.0,0.0,,0.0,0.0,,,,,,,,,,,,,,,,,,,,,
110118,Soda sifón,1.0,35.2,91.2,0.0,0.0,8.8,0.0,8.8,8.8,0.0,0.0,0.0,0.0,0.0,0.0,0.0,0.0,0.0,0.0,0.0,0.0,,,,,,,,,,,,,,,,,,,,
110119,Tónica,1.0,36.8,90.8,0.0,0.0,9.2,0.0,9.2,9.2,0.0,0.0,0.0,0.0,0.0,0.0,0.0,0.0,0.0,0.0,0.01,0.0,,,,,,,,,,,,,,,,,,,,
110201,Achicoria,1.0,10.6,95.2,0.0,0.5,2.4,0.0,2.4,0.0,1.3,0.6,0.2,0.0,0.3,0.0,20.0,0.0,120.0,0.0,0.1,10.0,,,,,,,,,,,,,,,,,,,,
110202,Café capuccino en polvo soluble,1.0,396.0,13.3,0.0,10.6,60.8,10.1,50.7,44.0,3.9,11.4,7.0,3.3,0.5,,0.0,0.0,0.0,,,,,,,,,,,,,,,,,,,,,,,
110203,Café descafeinado en grano,1.0,315.0,4.3,0.0,13.5,6.7,0.0,6.7,0.0,58.2,13.1,5.2,1.1,5.1,0.0,1.0,0.0,6.0,0.0,2.7,10.0,,,,,,,,,,,,,,,,,,,,
110204,Café descafeinado en polvo soluble,1.0,228.0,3.2,0.0,13.9,42.6,17.4,25.2,18.5,0.0,0.22,0.1,0.02,0.09,0.0,0.0,0.0,0.0,0.0,0.0,1.9,,,,,,,,,,,,,,,,,,,,
110205,Café descafeinado liquido,1.0,12.2,96.3,0.0,0.52,0.25,0.0,0.25,0.0,2.3,0.5,0.19,0.042,0.19,0.0,0.0,0.0,0.0,0.0,0.1,0.38,,,,,,,,,,,,,,,,,,,,
110206,Café en grano,1.0,315.0,4.3,0.0,13.5,6.7,0.0,6.7,0.0,58.2,13.1,5.2,1.1,5.1,0.0,1.0,0.0,6.0,0.0,2.7,10.0,,,,,,,,,,,,,,,,,,,,
110207,Café en polvo soluble,1.0,227.0,3.5,0.0,14.6,41.1,16.8,24.3,17.6,0.0,0.5,0.19,0.041,0.2,0.0,0.0,0.0,0.0,0.0,0.0,1.9,,,,,,,,,,,,,,,,,,,,
110208,Café liquido,1.0,12.2,96.3,0.0,0.52,0.25,0.0,0.25,0.0,2.3,0.5,0.19,0.042,0.19,0.0,0.038,0.0,0.23,0.0,0.1,0.38,,,,,,,,,,,,,,,,,,,,
110209,Infusión de manzanilla,1.0,1.0,99.8,0.0,0.0,0.2,,0.0,0.0,0.0,0.0,0.0,0.0,0.0,0.0,2.0,0.0,12.0,0.0,0.0,0.0,,,,,,,,,,,,,,,,,,,,
110210,Infusión genérica,1.0,0.0,99.9,0.0,0.0,0.0,,,0.0,0.0,0.0,0.0,0.0,0.0,0.0,0.0,0.0,0.0,0.0,0.0,,,,,,,,,,,,,,,,,,,,,
110211,Sucedáneo de café soluble,1.0,404.0,3.3,0.0,12.3,80.9,80.9,0.0,0.0,0.1,3.4,0.63,0.37,1.8,0.0,0.0,0.0,0.0,0.0,0.0,1.9,,,,,,,,,,,,,,,,,,,,
110212,Té,1.0,220.0,9.3,0.0,19.6,3.0,0.0,3.0,0.0,55.8,2.0,0.44,0.22,0.89,0.0,0.0,0.0,0.0,0.0,0.0,262.0,,,,,,,,,,,,,,,,,,,,
110213,Té con agua,1.0,1.9,99.1,0.0,0.17,0.026,0.0,0.026,0.0,0.49,0.017,0.0038,0.0019,0.0079,0.0,0.0,0.0,0.0,0.0,0.0,2.3,,,,,,,,,,,,,,,,,,,,
110301,Bebida isotónica,1.0,28.4,92.9,0.0,0.0,7.1,0.0,7.1,7.1,0.0,0.0,0.0,0.0,0.0,0.0,0.06,32.0,0.0,,0.6,,,,,,,,,,,,,,,,,,,,,
110401,Néctar de frutas envasado,1.0,54.4,86.4,0.0,0.4,13.2,0.0,13.2,9.2,0.0,0.0,0.0,0.0,0.0,0.0,16.7,0.0,100.0,0.0,0.3,,,,,,,,,,,,,,,,,,,,,
110402,Sorbete de limón,1.0,140.0,64.9,0.0,0.9,34.2,0.0,34.2,31.0,,0.0,,,,0.0,0.0,0.0,0.0,0.0,0.0,,,,,,,,,,,,,,,,,,,,,
110403,Zumo comercial de naranja,1.0,43.3,89.1,0.0,0.63,9.4,0.0,9.4,0.0,0.7,0.2,0.026,0.036,0.049,0.0,2.6,0.0,15.5,0.0,0.25,0.1,,,,,,,,,,,,,,,,,,,,
110404,Zumo comercial sabor frutas tropicales,1.0,60.8,84.8,0.0,0.3,14.9,0.0,14.9,0.0,0.0,0.0,0.0,0.0,0.0,,120.0,0.0,0.0,,1.5,,,,,,,,,,,,,,,,,,,,,
110405,Zumo de mango,1.0,42.0,89.9,0.0,0.1,9.8,1.0,8.8,0.0,0.3,0.2,0.06,,,0.0,35.0,,,0.0,1.1,,,,,,,,,,,,,,,,,,,,,
110406,Zumo de manzana,1.0,48.9,88.0,0.0,0.063,11.9,0.0,11.9,0.0,0.01,0.11,0.019,0.005,0.036,0.0,0.0,0.0,0.0,0.0,0.01,0.1,,,,,,,,,,,,,,,,,,,,
110407,Zumo de melocotón,1.0,47.1,88.4,0.0,0.63,10.5,0.0,10.5,0.0,0.3,0.22,0.027,0.08,0.11,0.0,39.1,0.0,229.0,0.0,0.38,1.7,,,,,,,,,,,,,,,,,,,,
110408,Zumo de piña,1.0,41.4,89.6,0.0,0.38,9.7,0.0,9.7,0.0,0.2,0.08,0.005,0.009,0.028,0.0,0.5,0.0,3.0,0.0,0.03,0.3,,,,,,,,,,,,,,,,,,,,
110409,Zumo de pomelo,1.0,43.6,89.2,0.0,0.53,10.1,0.0,10.1,0.0,0.1,0.1,0.012,0.012,0.021,0.0,0.92,0.0,5.5,0.0,0.19,0.0,,,,,,,,,,,,,,,,,,,,
110410,Zumo de tomate comercial,1.0,14.1,96.4,0.0,0.63,2.6,0.0,2.6,0.0,0.3,0.06,0.008,0.009,0.024,0.0,11.4,0.0,68.1,0.0,0.35,2.3,,,,,,,,,,,,,,,,,,,,
110411,Zumo de uva,1.0,68.1,83.1,0.0,0.21,16.6,0.0,16.6,0.0,0.0,0.1,0.031,0.004,0.028,0.0,0.5,0.0,3.0,0.0,0.0,0.4,,,,,,,,,,,,,,,,,,,,
110412,Zumo de zanahoria,1.0,24.2,93.7,0.0,0.63,4.8,0.0,4.8,0.0,0.8,0.1,0.02,0.004,0.05,0.0,437.0,0.0,2622.0,0.0,0.56,15.5,,,,,,,,,,,,,,,,,,,,
110413,Zumo uva y melocotón,1.0,52.8,87.0,0.0,0.6,12.0,0.0,12.0,0.0,0.15,0.23,0.03,0.057,0.14,0.0,3.6,0.0,21.5,0.0,0.19,1.1,,,,,,,,,,,,,,,,,,,,
110501,Agua de coco,1.0,17.2,95.4,0.0,0.7,2.6,0.0,2.6,0.0,1.1,0.2,0.76,0.008,0.002,0.0,0.0,0.0,0.0,0.0,0.0,,,,,,,,,,,,,,,,,,,,,
110502,Bebida de almendras,1.0,24.3,95.2,0.0,0.5,3.0,0.0,3.0,3.0,0.2,1.1,0.1,,,,0.0,0.0,0.0,0.75,1.8,,,,,,,,,,,,,,,,,,,,,
110503,Bebida de alpiste,1.0,45.0,90.3,0.0,1.2,7.1,0.0,3.3,3.3,0.39,1.0,0.12,0.45,0.4,,,,,0.75,,,,,,,,,,,,,,,,,,,,,,
110504,Bebida de avena,1.0,46.7,89.6,0.0,1.0,8.7,5.6,3.1,3.1,0.8,0.7,0.1,0.4,0.2,0.0,0.0,0.0,31.1,0.0,0.4,,,,,,,,,,,,,,,,,,,,,
110505,Horchata,1.0,97.3,79.0,0.0,1.2,17.0,3.1,13.9,13.9,0.1,2.7,0.4,1.9,0.3,0.0,0.0,0.0,0.0,0.0,0.0,,,,,,,,,,,,,,,,,,,,,
110507,Leche de coco,1.0,241.0,68.4,0.0,2.3,3.3,0.0,3.3,3.3,2.2,23.8,21.1,1.0,0.26,0.0,0.0,0.0,0.0,0.0,0.15,0.1,,,,,,,,,,,,,,,,,,,,
110601,Aguardiente,1.0,222.0,68.3,31.7,0.0,0.0,0.0,0.0,0.0,0.0,0.0,0.0,0.0,0.0,0.0,0.0,0.0,0.0,0.0,0.0,1.0,,,,,,,,,,,,,,,,,,,,
110602,anís,1.0,267.0,61.5,37.5,0.0,1.0,0.0,1.0,0.0,0.0,0.0,0.0,0.0,0.0,0.0,0.0,0.0,0.0,0.0,0.0,,,,,,,,,,,,,,,,,,,,,
110603,Bíter con alcohol,1.0,152.0,71.4,12.6,0.0,16.0,0.0,16.0,16.0,0.0,0.0,0.0,0.0,0.0,0.0,0.0,0.0,0.0,0.0,0.0,0.0,,,,,,,,,,,,,,,,,,,,
110604,Cava,1.0,70.5,89.2,9.1,0.2,1.5,0.0,1.5,0.0,0.0,0.0,0.0,0.0,0.0,0.0,0.0,0.0,0.0,0.0,0.0,0.0,,,,,,,,,,,,,,,,,,,,
110605,Cerveza,1.0,42.4,92.4,4.0,0.5,3.1,0.0,3.1,0.0,0.0,0.0,0.0,0.0,0.0,0.0,0.0,0.0,0.0,0.0,0.0,0.0,,,,,,,,,,,,,,,,,,,,
110606,Cerveza baja en alcohol,1.0,38.1,93.1,3.5,0.5,2.9,0.0,2.9,0.0,0.0,0.0,0.0,0.0,0.0,0.0,0.0,0.0,0.0,0.0,0.0,0.0,,,,,,,,,,,,,,,,,,,,
110607,Cerveza sin alcohol,1.0,25.4,93.9,0.33,0.38,5.4,0.0,5.4,0.0,0.0,0.0,0.0,0.0,0.0,0.0,0.0,0.0,0.0,0.0,0.0,0.0,,,,,,,,,,,,,,,,,,,,
110608,Champagne,1.0,67.6,89.6,8.7,0.18,1.5,0.0,1.5,0.0,0.0,0.0,0.0,0.0,0.0,0.0,0.0,0.0,0.0,0.0,0.0,0.0,,,,,,,,,,,,,,,,,,,,
110609,Coñac,1.0,240.0,64.9,33.1,0.0,2.0,0.0,0.0,0.0,0.0,0.0,0.0,0.0,0.0,0.0,0.0,0.0,0.0,0.0,0.0,0.0,,,,,,,,,,,,,,,,,,,,
110610,Crema de whisky,1.0,324.0,45.5,13.5,3.0,25.0,1.4,23.6,0.0,0.0,13.0,8.0,,,,173.0,171.0,30.0,,,,,,,,,,,,,,,,,,,,,,,
110611,Cubata de ron,1.0,109.0,81.2,11.4,0.0,7.4,0.0,7.4,7.4,0.0,0.0,0.0,0.0,0.0,0.0,0.0,0.0,0.0,0.0,0.0,,,,,,,,,,,,,,,,,,,,,
110612,Ginebra,1.0,221.0,68.4,31.6,0.0,0.0,0.0,0.0,0.0,0.0,0.0,0.0,0.0,0.0,0.0,0.0,0.0,0.0,0.0,0.0,0.0,,,,,,,,,,,,,,,,,,,,
110613,Licor dulce,1.0,224.0,52.9,12.0,0.1,35.0,0.0,35.0,35.0,0.0,0.0,0.0,0.0,0.0,0.0,0.0,0.0,0.0,0.0,0.0,0.0,,,,,,,,,,,,,,,,,,,,
110614,Ron,1.0,234.0,66.6,33.4,0.0,0.0,0.0,0.0,0.0,0.0,0.0,0.0,0.0,0.0,0.0,0.0,0.0,0.0,0.0,0.0,0.0,,,,,,,,,,,,,,,,,,,,
110615,Sangría,1.0,95.9,81.9,7.9,0.12,9.9,1.5,8.4,8.4,0.1,0.03,0.004,0.002,0.009,0.0,1.0,,,0.0,0.01,,,,,,,,,,,,,,,,,,,,,
110616,Sidra,1.0,49.9,90.3,3.7,0.0,6.0,0.0,6.0,0.0,0.0,0.0,0.0,0.0,0.0,0.0,2.8,0.0,16.5,0.0,0.0,0.0,,,,,,,,,,,,,,,,,,,,
110617,Tequila,1.0,266.0,62.0,38.0,0.0,0.0,0.0,0.0,0.0,0.0,0.0,0.0,0.0,0.0,0.0,5.0,0.0,,0.0,0.0,0.0,,,,,,,,,,,,,,,,,,,,
110618,Vermut,1.0,145.0,73.4,13.0,0.1,13.5,0.0,13.5,13.5,0.0,0.0,0.0,0.0,0.0,0.0,0.0,0.0,0.0,0.0,0.0,0.0,,,,,,,,,,,,,,,,,,,,
110619,Vino blanco,1.0,61.0,91.2,8.6,0.1,0.1,0.0,0.1,0.0,0.0,0.0,0.0,0.0,0.0,0.0,0.0,0.0,0.0,0.0,0.0,0.0,,,,,,,,,,,,,,,,,,,,
110620,"Vino dulce (Málaga, Oporto)",1.0,161.0,71.3,15.5,0.2,13.0,0.0,13.0,13.0,0.0,0.0,0.0,0.0,0.0,0.0,0.0,0.0,0.0,0.0,0.0,0.0,,,,,,,,,,,,,,,,,,,,
110621,"Vino fino (Jerez, Manzanilla)",1.0,127.0,77.5,12.3,0.2,10.0,0.0,10.0,0.0,0.0,0.0,0.0,0.0,0.0,0.0,0.0,0.0,0.0,0.0,0.0,0.0,,,,,,,,,,,,,,,,,,,,
110622,Vino rosado,1.0,66.9,89.8,8.7,0.1,1.4,0.0,1.4,0.0,0.0,0.0,0.0,0.0,0.0,0.0,0.0,0.0,0.0,0.0,0.0,0.0,,,,,,,,,,,,,,,,,,,,
110623,Vino tinto,1.0,70.7,89.7,9.8,0.23,0.3,0.13,0.17,0.0,0.0,0.0,0.0,0.0,0.0,0.0,0.17,0.0,1.0,0.0,0.0,0.0,,,,,,,,,,,,,,,,,,,,
110624,Vodka,1.0,235.0,66.5,33.5,0.0,0.0,0.0,0.0,0.0,0.0,0.0,0.0,0.0,0.0,0.0,,0.0,,0.0,0.0,0.0,,,,,,,,,,,,,,,,,,,,
110625,Whisky,1.0,247.0,64.7,35.2,0.0,0.11,0.0,0.11,0.0,0.0,0.0,0.0,0.0,0.0,0.0,0.0,0.0,0.0,0.0,0.0,0.0,,,,,,,,,,,,,,,,,,,,
120101,Albóndigas en conserva,1.0,148.0,71.6,0.0,6.8,5.9,3.9,2.0,2.0,5.1,9.7,2.8,3.9,2.7,90.0,22.0,22.0,0.0,0.23,1.4,6.2,,,,,,,,,,,,,,,,,,,,
120102,Arroz tres delicias congelado,1.0,115.0,71.5,0.0,3.4,20.0,19.0,1.0,0.0,3.5,1.6,0.41,0.48,0.43,9.0,82.5,35.7,281.0,0.0,0.23,5.9,,,,,,,,,,,,,,,,,,,,
120103,Base de pizza,1.0,273.0,39.8,0.0,6.7,43.9,42.1,1.5,0.65,2.2,7.4,,,,,0.0,0.0,0.0,0.0,0.0,,,,,,,,,,,,,,,,,,,,,
120104,Calamares a la romana congelados,1.0,189.0,62.2,0.0,5.7,23.7,22.7,1.0,1.0,0.6,7.8,0.78,1.6,3.1,145.0,11.0,11.0,,0.1,1.8,3.6,,,,,,,,,,,,,,,,,,,,
120105,Calamares fritos,1.0,172.0,64.5,0.0,22.0,4.0,4.0,0.0,0.0,0.1,7.5,1.9,2.8,2.1,222.0,48.0,46.0,13.0,0.1,4.0,,,,,,,,,,,,,,,,,,,,,
120106,Caldo de carne,1.0,6.5,97.6,0.0,1.1,0.04,0.04,0.0,0.0,0.0,0.22,0.11,0.09,0.01,0.0,0.0,0.0,0.0,0.0,0.0,,,,,,,,,,,,,,,,,,,,,
120107,Caldo de pescado,1.0,15.0,96.0,0.0,2.0,0.4,0.31,0.09,0.09,0.0,0.6,0.13,0.11,0.25,0.0,1.0,1.0,0.0,0.0,0.15,,,,,,,,,,,,,,,,,,,,,
120108,Caldo de pollo,1.0,5.0,97.8,0.0,0.4,0.4,0.4,0.0,0.0,0.0,0.21,0.029,0.045,0.021,0.0,0.0,0.0,0.0,0.0,0.0,,,,,,,,,,,,,,,,,,,,,
120109,Caldo de verdura,1.0,30.9,92.4,0.0,0.9,4.9,3.3,1.6,1.6,0.3,0.79,0.12,0.34,0.3,0.0,71.0,0.0,955.0,0.0,0.58,,,,,,,,,,,,,,,,,,,,,
120110,Caldo en cubitos de carne,1.0,252.0,4.6,0.0,15.7,5.0,4.0,1.0,1.0,0.2,18.7,9.1,7.7,0.7,10.0,15.0,15.0,0.0,0.0,0.0,0.0,,,,,,,,,,,,,,,,,,,,
120111,Callos a la madrileña,1.0,109.0,75.0,0.0,6.8,2.5,2.2,0.3,0.3,10.0,5.8,1.8,2.0,0.55,67.0,347.0,0.1,2082.0,0.004,0.88,4.6,,,,,,,,,,,,,,,,,,,,
120112,Canelones de carne congelados,1.0,129.0,72.7,0.0,6.2,12.8,9.6,1.7,0.77,2.2,5.4,1.9,1.5,1.0,30.0,37.0,16.0,126.0,0.2,0.87,9.1,,,,,,,,,,,,,,,,,,,,
120113,"Carne empanada, pasteles de carne (congelados)",1.0,299.0,47.8,0.0,21.9,12.0,11.5,0.5,0.5,0.13,18.1,4.8,7.5,4.2,91.0,35.0,35.0,0.0,0.19,0.49,19.5,,,,,,,,,,,,,,,,,,,,
120114,Crema desecada de champiñón,1.0,361.0,5.0,0.0,9.6,61.9,50.1,11.8,11.8,3.0,7.7,3.9,3.1,0.33,2.0,8.0,,,3.2,0.16,30.0,,,,,,,,,,,,,,,,,,,,
120115,Crema desecada de espárragos,1.0,392.0,20.1,0.0,8.0,54.0,43.0,11.0,11.0,2.4,15.5,8.5,5.9,0.3,1.0,7.5,,,3.2,0.52,30.0,,,,,,,,,,,,,,,,,,,,
120116,Croquetas de bacalao congelada,1.0,154.0,66.4,0.0,3.8,25.0,21.6,3.4,3.4,0.6,4.2,0.49,1.0,2.0,169.0,11.6,10.3,7.6,0.9,0.5,1.1,,,,,,,,,,,,,,,,,,,,
120117,Croquetas de jamón congelada,1.0,153.0,67.4,0.0,3.8,23.0,20.3,2.7,2.7,2.0,4.6,0.8,1.3,1.8,32.4,3.2,3.0,1.2,0.43,0.06,2.9,,,,,,,,,,,,,,,,,,,,
120118,Croquetas de marisco congelada,1.0,136.0,67.8,0.0,5.6,21.9,17.5,4.4,4.4,0.6,2.7,0.6,0.6,1.3,55.2,19.0,17.8,7.2,0.4,0.6,0.74,,,,,,,,,,,,,,,,,,,,
120119,Croquetas de merluza congelada,1.0,140.0,69.2,0.0,3.5,21.3,15.6,6.7,6.7,1.2,3.8,0.53,0.84,1.7,30.0,7.3,6.8,2.8,0.43,0.54,0.73,,,,,,,,,,,,,,,,,,,,
120120,Croquetas de queso congelada,1.0,131.0,67.9,0.0,4.3,20.6,15.9,4.7,4.7,0.6,3.3,0.8,0.8,1.6,35.2,17.0,15.8,5.7,0.47,0.7,1.3,,,,,,,,,,,,,,,,,,,,
120121,Croquetas de pollo congeladas,1.0,160.0,66.0,0.0,5.8,21.0,17.0,4.0,4.0,2.5,5.3,0.74,1.4,2.2,30.6,5.6,5.2,2.1,0.43,0.09,0.93,,,,,,,,,,,,,,,,,,,,
120122,Delicias de jamón y queso congeladas,1.0,207.0,52.2,0.0,5.1,24.9,19.7,5.2,5.2,2.6,9.1,3.0,5.5,0.51,31.0,17.7,13.3,26.4,0.7,0.3,7.0,,,,,,,,,,,,,,,,,,,,
120123,Empanadilla de atún congelada,1.0,265.0,46.1,0.0,4.8,31.7,27.9,3.8,3.8,5.4,12.0,4.4,3.1,2.7,48.0,27.8,12.9,77.5,2.2,2.0,16.8,,,,,,,,,,,,,,,,,,,,
120124,Espinacas a la crema congeladas,1.0,65.1,87.2,0.0,2.8,4.7,3.4,2.3,2.3,1.8,3.5,2.3,,,13.0,183.0,5.5,1065.0,0.01,1.2,258.0,,,,,,,,,,,,,,,,,,,,
120125,Fabada en conserva,1.0,156.0,63.9,0.0,6.1,9.3,8.6,0.7,0.0,7.8,8.8,3.1,3.4,0.77,20.0,24.1,0.57,141.0,0.0,0.35,17.1,,,,,,,,,,,,,,,,,,,,
120126,Gazpacho en conserva,1.0,39.8,93.4,0.0,0.6,3.0,0.2,2.8,0.0,0.2,2.8,0.47,1.9,0.31,0.0,53.0,0.0,318.0,0.0,0.19,10.7,,,,,,,,,,,,,,,,,,,,
120127,Hummus,1.0,174.0,65.5,0.0,7.9,11.0,10.3,0.7,0.0,6.0,9.6,1.4,4.0,3.6,0.0,2.3,0.0,13.5,,,,,,,,,,,,,,,,,,,,,,,
120128,Kebab,1.0,341.0,36.6,0.0,17.1,25.9,23.2,2.7,2.7,,18.8,8.9,,,,,,,,,,,,,,,,,,,,,,,,,,,,,
120129,Lasaña de carne y besamel congelada,1.0,150.0,72.0,0.0,6.3,13.0,10.2,2.8,1.3,0.8,7.9,3.1,3.3,1.1,21.0,55.7,18.0,226.0,0.2,2.6,9.1,,,,,,,,,,,,,,,,,,,,
120130,Paella de marisco congelada,1.0,125.0,68.7,0.0,3.6,25.2,24.4,0.8,0.8,2.0,0.62,0.24,0.21,0.07,17.0,18.0,4.1,83.4,0.0,0.47,2.7,,,,,,,,,,,,,,,,,,,,
120131,Patatas prefritas congeladas,1.0,115.0,46.1,0.0,2.1,20.0,19.5,0.5,0.0,2.7,2.4,0.5,,,0.0,0.0,0.0,0.0,0.0,0.9,10.2,,,,,,,,,,,,,,,,,,,,
120133,Pisto de verduras congelado,1.0,57.0,83.8,0.0,2.9,8.8,0.45,8.3,8.3,4.4,0.15,0.031,0.01,0.072,0.0,214.0,0.0,1284.0,0.0,0.6,4.7,,,,,,,,,,,,,,,,,,,,
120134,Pizza de atún congelada,1.0,219.0,55.8,0.0,8.0,23.0,20.1,2.9,2.9,3.4,9.8,4.4,3.0,1.8,59.0,66.0,58.0,0.0,0.94,1.9,14.3,,,,,,,,,,,,,,,,,,,,
120135,Pizza margarita congelada,1.0,237.0,49.7,0.0,8.2,32.6,30.0,2.6,2.6,1.7,7.8,4.3,2.3,0.68,16.0,66.0,58.0,,0.0,0.54,13.4,,,,,,,,,,,,,,,,,,,,
120136,Pizza romana congelada,1.0,177.0,58.6,0.0,7.3,26.5,24.9,1.6,1.6,3.8,3.8,2.0,1.1,0.5,35.1,65.0,58.0,0.0,0.5,1.3,12.1,,,,,,,,,,,,,,,,,,,,
120137,Pollo empanado congelado,1.0,242.0,55.1,0.0,18.0,13.5,12.7,0.8,0.8,0.7,12.7,2.1,5.3,4.7,36.0,0.0,0.0,7.2,0.0,0.02,,,,,,,,,,,,,,,,,,,,,
120138,Pure de patatas para reconstituir,1.0,353.0,9.5,0.0,6.5,76.0,75.5,0.5,0.0,7.0,1.0,0.8,,,0.0,1.0,0.0,6.0,0.0,0.1,8.7,,,,,,,,,,,,,,,,,,,,
120139,San Jacobo congelado,1.0,252.0,51.4,0.0,4.1,26.7,24.2,2.5,2.5,4.5,13.3,2.5,4.2,5.6,31.0,11.4,8.6,16.8,0.7,0.67,7.0,,,,,,,,,,,,,,,,,,,,
120140,Sopa de ave con fideos para reconstituir,1.0,326.0,11.3,0.0,11.0,66.0,62.4,3.6,0.0,2.2,1.5,0.2,,,,8.0,8.0,,0.0,0.27,0.1,,,,,,,,,,,,,,,,,,,,
120141,Sopa jardinera para reconstituir,1.0,270.0,29.5,0.0,0.0,59.0,45.0,14.0,0.0,10.0,1.5,0.2,,,0.0,1200.0,0.0,7197.0,0.0,0.17,29.9,,,,,,,,,,,,,,,,,,,,
130101,Aceituna negra con hueso,0.8,156.0,78.7,0.0,0.5,0.0,0.0,0.0,0.0,4.8,16.0,2.3,,,0.0,55.0,0.0,330.0,0.0,2.0,1.4,,,,,,,,,,,,,,,,,,,,
130102,Aceituna negra sin hueso,1.0,156.0,78.7,0.0,0.5,0.0,0.0,0.0,0.0,4.8,16.0,2.3,,,0.0,55.0,0.0,330.0,0.0,2.0,1.4,,,,,,,,,,,,,,,,,,,,
130103,Aceituna rellena de anchoa,1.0,121.0,83.9,0.0,1.3,0.0,0.0,0.0,0.0,2.5,12.3,,,,,39.3,,236.0,,,,,,,,,,,,,,,,,,,,,,,
130104,Aceituna rellena de pimiento,1.0,169.0,76.5,0.0,1.2,3.8,0.1,0.0,0.0,2.5,16.0,,,,,49.5,,297.0,,,,,,,,,,,,,,,,,,,,,,,
130105,Aceituna verde con hueso,0.8,167.0,75.1,0.0,0.8,1.0,0.0,1.0,0.0,4.8,16.7,2.6,11.2,0.6,0.0,48.0,0.0,288.0,0.0,1.5,1.4,,,,,,,,,,,,,,,,,,,,
130106,Aceituna verde sin hueso,1.0,167.0,75.1,0.0,0.8,1.0,0.0,1.0,0.0,4.8,16.7,2.6,11.2,0.6,0.0,48.0,0.0,288.0,0.0,1.5,1.4,,,,,,,,,,,,,,,,,,,,
130107,Alcaparra,1.0,28.7,90.0,0.0,2.4,2.1,0.0,2.1,0.0,1.5,0.86,0.23,0.063,0.3,0.0,13.8,0.0,83.0,0.0,0.88,24.6,,,,,,,,,,,,,,,,,,,,
130108,Berenjenas encurtidas,1.0,27.0,93.5,0.0,0.7,2.8,2.0,0.8,0.0,2.0,1.0,0.4,,,0.0,5.0,0.0,30.0,0.0,0.03,,,,,,,,,,,,,,,,,,,,,
130109,Chips de verduras,1.0,468.0,1.4,0.0,3.2,67.3,57.1,10.1,0.0,4.4,19.8,2.2,5.8,10.8,0.0,45.0,0.0,269.0,0.0,25.5,,,,,,,,,,,,,,,,,,,,,
130110,Corteza de trigo,1.0,521.0,1.6,0.0,9.1,57.0,54.7,2.3,0.0,2.1,28.0,10.7,10.8,2.9,0.0,0.5,0.0,3.0,0.0,1.7,0.0,,,,,,,,,,,,,,,,,,,,
130111,Fritos de maíz sabor barbacoa,1.0,539.0,1.1,0.0,7.0,55.0,5.9,0.8,0.0,5.9,31.0,3.8,10.7,,0.0,6.9,0.0,41.5,0.0,2.6,33.6,,,,,,,,,,,,,,,,,,,,
130112,Galleta salada,1.0,466.0,7.3,0.0,6.2,64.0,55.0,9.0,8.9,2.5,20.0,1.9,4.3,3.3,0.0,0.0,0.0,0.0,0.0,0.5,4.0,,,,,,,,,,,,,,,,,,,,
130113,Ganchitos,1.0,470.0,3.5,0.0,6.6,71.1,70.1,1.0,0.0,1.4,17.4,2.2,,,0.0,0.0,0.0,0.0,0.0,1.4,7.2,,,,,,,,,,,,,,,,,,,,
130114,Gusanitos con queso,1.0,520.0,4.9,0.0,5.6,58.0,54.3,3.7,3.7,2.5,29.0,3.5,6.3,11.3,0.0,16.3,10.0,37.5,0.0,1.4,7.2,,,,,,,,,,,,,,,,,,,,
130115,Nachos con queso,1.0,357.0,36.1,0.0,4.3,34.9,32.7,2.2,2.2,3.2,21.5,2.2,14.0,5.0,16.0,5.5,5.0,3.0,0.0,4.1,19.3,,,,,,,,,,,,,,,,,,,,
130116,Palomitas de maíz,1.0,494.0,6.4,0.0,6.2,44.3,43.3,1.0,0.0,10.0,30.2,5.3,8.8,14.4,0.0,1.0,0.0,,0.0,11.0,15.7,,,,,,,,,,,,,,,,,,,,
130117,Pan de gambas,1.0,349.0,12.8,0.0,1.6,85.5,80.9,4.7,4.6,0.0,0.1,0.0,,,,10.3,2.0,50.0,0.2,4.3,,,,,,,,,,,,,,,,,,,,,
130118,Patatas fritas de bolsa,1.0,531.0,5.2,0.0,6.5,47.5,46.8,0.67,0.0,3.6,34.2,14.0,13.7,5.0,0.0,0.0,0.0,0.0,0.0,3.1,7.2,,,,,,,,,,,,,,,,,,,,
130119,Patatas fritas de bolsa bajas en calorías,1.0,462.0,4.8,0.0,6.6,57.4,56.4,1.0,0.0,6.3,21.5,6.2,8.0,6.6,0.0,0.0,0.0,0.0,0.0,1.8,7.2,,,,,,,,,,,,,,,,,,,,
130120,Pepinillos en vinagre en conserva,1.0,10.5,97.5,0.0,1.3,1.1,1.1,0.0,0.0,0.0,0.1,0.03,0.002,0.041,0.0,20.0,0.0,0.0,0.0,0.16,13.0,,,,,,,,,,,,,,,,,,,,
130121,Triángulos maíz,1.0,503.0,5.9,0.0,6.5,56.3,55.3,1.0,0.0,1.0,27.7,3.2,13.2,9.1,,16.0,0.0,,0.0,2.0,33.6,,,,,,,,,,,,,,,,,,,,
140101,Ajo en polvo,1.0,346.0,0.97,0.0,16.6,63.7,61.3,2.4,0.0,9.0,0.73,0.25,0.12,0.18,0.0,0.0,0.0,0.0,0.0,0.67,0.4,,,,,,,,,,,,,,,,,,,,
140102,Albahaca fresca,1.0,26.2,92.1,0.0,3.2,1.1,,0.3,0.0,1.6,0.64,0.041,0.088,0.39,0.0,264.0,0.0,1584.0,0.0,0.8,415.0,,,,,,,,,,,,,,,,,,,,
140103,Albahaca seca,1.0,255.0,20.6,0.0,14.0,20.5,1.7,18.8,0.0,40.5,4.0,0.24,0.45,2.2,0.0,931.0,0.0,5584.0,0.0,7.5,,,,,,,,,,,,,,,,,,,,,
140104,Azafrán,1.0,353.0,17.3,0.0,11.4,61.5,19.1,42.4,0.0,3.9,5.9,1.6,0.43,2.1,0.0,27.0,0.0,162.0,0.0,,,,,,,,,,,,,,,,,,,,,,
140105,Canela,1.0,255.0,9.6,0.0,3.9,25.6,23.4,2.2,0.0,54.3,3.2,0.65,0.48,0.53,0.0,28.0,0.0,168.0,0.0,0.95,31.2,,,,,,,,,,,,,,,,,,,,
140106,"Cardamomo, semillas",1.0,344.0,8.3,0.0,10.8,46.2,,,0.0,28.0,6.7,0.68,0.87,0.43,0.0,0.0,0.0,,0.0,0.0,,,,,,,,,,,,,,,,,,,,,
140107,Cebolla deshidratada en copos,1.0,355.0,7.3,0.0,9.0,74.1,2.7,37.4,0.0,9.2,0.45,0.078,0.064,0.18,0.0,1.0,0.0,11.0,0.0,0.18,,,,,,,,,,,,,,,,,,,,,
140108,Cebollino,1.0,29.0,91.3,0.0,3.0,1.9,0.0,1.9,0.0,2.3,0.53,0.12,0.08,0.22,0.0,435.0,0.0,2612.0,0.0,0.9,,,,,,,,,,,,,,,,,,,,,
140109,Cilantro,1.0,22.1,92.2,0.0,2.1,0.9,0.9,0.0,0.0,2.8,0.5,0.0,0.3,0.04,0.0,685.0,0.0,4049.0,0.0,2.5,310.0,,,,,,,,,,,,,,,,,,,,
140110,Clavo,1.0,335.0,9.9,0.0,6.0,31.6,,2.4,0.0,33.9,13.0,4.0,1.4,3.6,,16.1,0.0,96.5,,8.8,142.0,,,,,,,,,,,,,,,,,,,,
140111,Comino,1.0,391.0,8.1,0.0,17.8,33.7,31.4,2.3,0.0,10.5,18.2,,,,,127.0,0.0,762.0,0.0,0.0,,,,,,,,,,,,,,,,,,,,,
140112,Cúrcuma,1.0,291.0,12.9,0.0,9.7,44.4,,3.2,0.0,22.7,3.3,1.8,0.45,0.76,,0.0,0.0,0.0,,,13.4,,,,,,,,,,,,,,,,,,,,
140113,Eneldo seco,1.0,316.0,7.3,0.0,20.0,42.2,,,0.0,13.6,4.4,0.23,,,0.0,293.0,0.0,1758.0,0.0,,,,,,,,,,,,,,,,,,,,,,
140114,Gomasio,1.0,89.7,84.7,0.0,2.7,0.14,0.14,0.0,0.0,0.0,8.7,1.3,3.3,3.8,0.0,0.15,,,0.0,0.38,,,,,,,,,,,,,,,,,,,,,
140115,Guindilla picante,0.95,47.3,88.8,0.0,1.9,6.7,1.4,5.3,0.0,1.5,1.1,0.11,0.061,0.6,0.0,95.3,0.0,572.0,0.0,0.69,14.0,,,,,,,,,,,,,,,,,,,,
140116,Hinojo,1.0,20.2,93.3,0.0,1.1,2.3,0.15,2.2,0.0,3.3,0.0,0.0,0.0,0.0,0.0,5.3,0.0,32.0,0.0,0.9,62.8,,,,,,,,,,,,,,,,,,,,
140117,Jengibre crudo,1.0,32.9,90.9,0.0,1.1,3.4,2.0,1.0,0.0,2.7,1.1,0.09,0.8,0.13,,,,,0.25,0.75,0.8,,,,,,,,,,,,,,,,,,,,
140118,Jengibre en polvo,1.0,336.0,9.7,0.0,9.1,58.3,54.9,3.4,0.0,14.1,4.2,2.6,0.48,0.93,,3.0,0.0,18.0,,,0.8,,,,,,,,,,,,,,,,,,,,
140119,Laurel,1.0,353.0,9.0,0.0,7.6,48.7,0.0,48.7,0.0,26.3,8.4,2.3,1.6,2.3,0.0,309.0,0.0,1854.0,0.0,,,,,,,,,,,,,,,,,,,,,,
140120,Levadura,1.0,164.0,34.0,0.0,27.8,11.8,11.8,0.0,0.0,3.0,0.0,0.0,0.0,0.0,0.0,0.0,0.0,0.0,,0.0,0.0,,,,,,,,,,,,,,,,,,,,
140121,Levadura de panadería fresca,1.0,73.0,73.3,0.0,16.0,0.0,0.0,0.0,0.0,0.0,1.0,,,,0.0,0.0,0.0,0.0,0.0,0.0,,,,,,,,,,,,,,,,,,,,,
140122,Mejorana seca,1.0,324.0,7.6,0.0,12.7,32.4,28.3,4.1,0.0,40.3,7.0,0.53,0.94,4.4,0.0,403.0,0.0,4806.0,0.0,1.7,,,,,,,,,,,,,,,,,,,,,
140123,Menta fresca,1.0,67.3,80.4,0.0,3.8,6.9,0.0,6.9,0.0,8.0,0.94,0.25,0.033,0.51,0.0,212.0,0.0,1272.0,0.0,,,,,,,,,,,,,,,,,,,,,,
140124,Nuez moscada,1.0,506.0,8.6,0.0,5.8,28.5,0.0,28.5,0.0,20.8,36.3,25.9,3.2,0.35,0.0,10.2,0.0,61.0,0.0,0.053,0.0,,,,,,,,,,,,,,,,,,,,
140125,Orégano fresco,1.0,65.6,86.1,0.0,2.2,9.7,7.9,1.8,0.0,,2.0,,,,0.0,135.0,0.0,810.0,,,,,,,,,,,,,,,,,,,,,,,
140126,Orégano seco,1.0,309.0,7.2,0.0,11.0,21.6,17.5,4.1,0.0,42.8,10.3,2.7,0.67,5.3,0.0,690.0,0.0,4142.0,0.0,18.9,622.0,,,,,,,,,,,,,,,,,,,,
140127,Perejil,0.4,59.0,83.6,0.0,4.4,7.4,0.46,6.9,0.0,4.3,0.36,0.043,0.0072,0.19,0.0,867.0,0.0,5200.0,0.0,3.7,421.0,,,,,,,,,,,,,,,,,,,,
140128,Pimentón,1.0,357.0,9.5,0.0,14.8,34.8,0.0,34.8,0.0,20.9,13.0,2.0,1.1,8.2,0.0,6042.0,0.0,36250.0,0.0,0.69,80.3,,,,,,,,,,,,,,,,,,,,
140129,Pimienta blanca,1.0,283.0,17.3,0.0,10.4,42.4,0.0,42.4,0.0,26.2,2.1,0.62,0.79,0.64,0.0,0.0,0.0,0.0,0.0,2.5,,,,,,,,,,,,,,,,,,,,,
140130,Pimienta negra,1.0,280.0,16.7,0.0,10.9,38.3,0.0,38.3,0.0,26.5,3.3,0.98,1.0,1.1,0.0,19.2,0.0,115.0,0.0,1.0,,,,,,,,,,,,,,,,,,,,,
140131,Sal común,1.0,0.0,0.2,0.0,0.0,0.0,0.0,0.0,0.0,0.0,0.0,0.0,0.0,0.0,0.0,0.0,0.0,0.0,0.0,0.0,,,,,,,,,,,,,,,,,,,,,
140132,Sal fluorada,1.0,0.0,0.2,0.0,0.0,0.0,0.0,0.0,0.0,0.0,0.0,0.0,0.0,0.0,0.0,0.0,0.0,0.0,0.0,0.0,,,,,,,,,,,,,,,,,,,,,
140133,Sal hiposódica,1.0,0.0,0.2,0.0,0.0,0.0,0.0,0.0,0.0,0.0,0.0,0.0,0.0,0.0,0.0,0.0,0.0,0.0,0.0,0.0,,,,,,,,,,,,,,,,,,,,,
140134,Sal yodada,1.0,0.0,0.2,0.0,0.0,0.0,0.0,0.0,0.0,0.0,0.0,0.0,0.0,0.0,0.0,0.0,0.0,0.0,0.0,0.0,,,,,,,,,,,,,,,,,,,,,
140135,Sal yodada fluorada,1.0,0.0,0.2,0.0,0.0,0.0,0.0,0.0,0.0,0.0,0.0,0.0,0.0,0.0,0.0,0.0,0.0,0.0,0.0,0.0,,,,,,,,,,,,,,,,,,,,,
140136,Semilla de anís,1.0,443.0,1.7,0.0,17.6,50.0,,,0.0,14.6,15.9,0.59,9.8,3.2,0.0,16.0,0.0,,0.0,,,,,,,,,,,,,,,,,,,,,,
140137,Semillas de alcaravea,1.0,334.0,9.9,0.0,19.8,11.9,11.3,0.64,0.0,38.0,14.6,0.62,7.1,3.3,0.0,35.0,0.0,210.0,0.0,2.5,0.0,,,,,,,,,,,,,,,,,,,,
140138,Tomillo seco,1.0,369.0,7.8,0.0,9.1,57.1,,,0.0,18.6,7.4,,,,0.0,380.0,0.0,2281.0,0.0,0.0,,,,,,,,,,,,,,,,,,,,,
140139,Vainilla,1.0,51.6,87.2,0.0,0.06,12.7,0.0,12.7,0.0,0.0,0.06,0.01,0.01,0.004,0.0,0.0,0.0,0.0,0.0,0.0,0.0,,,,,,,,,,,,,,,,,,,,
140140,Vinagre,1.0,4.0,99.0,0.0,0.4,0.6,0.0,0.6,0.0,0.0,0.0,0.0,0.0,0.0,0.0,0.0,0.0,0.0,0.0,0.0,0.0,,,,,,,,,,,,,,,,,,,,
140141,Vinagre balsámico,1.0,70.0,76.5,0.0,0.49,17.0,3.0,15.0,14.4,0.0,0.0,0.0,0.0,0.0,0.0,0.0,0.0,0.0,0.0,0.0,,,,,,,,,,,,,,,,,,,,,
140142,Vinagre de manzana,1.0,2.4,99.0,0.0,0.4,0.2,0.0,0.2,0.0,0.0,0.0,0.0,0.0,0.0,0.0,0.0,0.0,0.0,0.0,0.0,,,,,,,,,,,,,,,,,,,,,
140143,Vinagre de vino,1.0,4.0,97.0,0.0,0.4,0.6,,0.0,0.0,0.0,0.0,0.0,0.0,0.0,0.0,0.0,0.0,0.0,0.0,0.0,,,,,,,,,,,,,,,,,,,,,
140201,Alioli,1.0,796.0,9.7,0.0,0.5,2.8,2.5,0.3,0.3,0.1,86.9,12.6,61.7,8.7,0.0,0.0,0.0,0.0,0.0,10.5,80.3,,,,,,,,,,,,,,,,,,,,
140202,Gelatina,1.0,338.0,15.6,0.0,84.4,0.0,0.0,0.0,0.0,0.0,0.0,0.0,0.0,0.0,0.0,0.0,0.0,0.0,0.0,0.0,,,,,,,,,,,,,,,,,,,,,
140203,Kétchup,1.0,117.0,66.4,0.0,2.0,26.0,1.2,24.8,21.1,0.9,0.4,0.061,0.072,0.18,0.0,52.7,0.0,316.0,0.0,1.5,,,,,,,,,,,,,,,,,,,,,
140204,Mayonesa comercial,1.0,709.0,16.3,0.0,1.3,5.8,3.0,2.7,1.5,0.0,75.6,11.4,18.2,42.4,100.0,6.3,5.0,8.0,0.25,15.5,81.0,,,,,,,,,,,,,,,,,,,,
140205,Mayonesa ligera,1.0,272.0,64.5,0.0,0.7,8.8,6.5,2.3,1.3,0.0,26.0,4.3,6.9,15.7,50.0,8.0,5.0,,0.0,14.0,81.0,,,,,,,,,,,,,,,,,,,,
140206,Mostaza,1.0,125.0,74.9,0.0,7.1,5.0,2.5,2.5,2.5,1.3,8.2,0.5,5.8,1.6,0.0,10.8,0.0,65.0,0.0,0.01,,,,,,,,,,,,,,,,,,,,,
140207,Salsa agridulce,1.0,121.0,71.2,0.0,0.48,24.0,3.2,20.8,20.8,0.8,2.4,0.37,0.7,1.2,0.0,0.0,0.0,0.0,0.0,0.0,,,,,,,,,,,,,,,,,,,,,
140208,Salsa al curry,1.0,78.2,86.7,0.0,1.5,6.8,3.1,3.7,3.7,,5.0,1.5,2.4,0.98,0.0,29.8,0.0,179.0,0.0,,,,,,,,,,,,,,,,,,,,,,
140209,Salsa barbacoa,1.0,71.0,81.5,0.0,1.8,11.6,3.3,8.3,6.3,0.6,1.8,0.0,0.46,1.1,0.0,86.7,0.0,520.0,0.0,6.6,0.1,,,,,,,,,,,,,,,,,,,,
140210,Salsa bechamel,1.0,153.0,74.5,0.0,4.1,10.8,6.4,4.4,0.0,0.3,10.3,4.4,3.5,1.8,26.0,128.0,115.0,77.0,0.62,0.71,0.77,,,,,,,,,,,,,,,,,,,,
140211,Salsa boloñesa,1.0,163.0,72.6,0.0,8.0,7.2,2.6,4.6,3.7,1.1,11.1,3.1,4.7,2.6,25.0,213.0,0.0,1275.0,0.0,1.9,5.5,,,,,,,,,,,,,,,,,,,,
140212,Salsa brava,1.0,186.0,70.1,0.0,2.0,12.3,3.3,9.0,7.7,1.3,14.3,1.7,,,3.0,,,,,,,,,,,,,,,,,,,,,,,,,,
140213,Salsa carbonara,1.0,307.0,60.6,0.0,7.5,2.0,0.0,2.0,2.0,0.0,29.9,17.6,9.9,1.2,97.0,190.0,168.0,134.0,0.33,0.5,21.6,,,,,,,,,,,,,,,,,,,,
140214,Salsa cesar,1.0,543.0,34.3,0.0,2.2,3.3,0.5,2.8,2.7,,57.9,8.8,13.5,32.9,39.0,9.0,9.0,2.0,0.1,4.7,,,,,,,,,,,,,,,,,,,,,
140215,Salsa de queso,1.0,111.0,77.0,0.0,5.3,8.4,4.0,4.4,4.4,0.5,6.1,2.6,1.7,1.2,29.0,67.0,60.8,37.0,0.09,0.29,11.5,,,,,,,,,,,,,,,,,,,,
140216,Salsa de soja,1.0,65.7,76.6,0.0,8.7,6.7,3.8,2.9,2.9,1.6,0.1,0.011,0.017,0.044,0.0,0.0,0.0,0.0,0.0,0.0,0.0,,,,,,,,,,,,,,,,,,,,
140217,Salsa holandesa,1.0,289.0,64.7,0.0,2.7,0.6,0.0,0.6,0.6,0.0,30.6,19.0,9.2,1.2,200.0,602.0,510.0,550.0,0.86,14.0,21.6,,,,,,,,,,,,,,,,,,,,
140218,Salsa inglesa,1.0,78.0,78.5,0.0,0.0,19.5,9.4,10.0,10.0,0.0,0.0,0.0,0.0,0.0,0.0,5.0,1.0,47.0,0.0,0.08,,,,,,,,,,,,,,,,,,,,,
140219,Salsa picante,1.0,13.1,90.0,0.0,0.5,1.8,0.49,1.3,0.0,0.3,0.37,0.052,0.03,0.02,0.0,8.0,0.0,140.0,0.0,0.12,,,,,,,,,,,,,,,,,,,,,
140220,Salsa roquefort,1.0,480.0,39.3,0.0,7.2,6.0,2.3,3.7,3.7,0.0,47.5,12.8,28.1,4.5,38.0,14.8,14.0,5.0,0.08,4.7,11.5,,,,,,,,,,,,,,,,,,,,
140221,Salsa tabasco,1.0,12.0,95.2,0.0,1.3,0.8,,0.13,0.0,0.6,0.76,,0.061,0.4,0.0,1640.0,0.0,,0.0,0.01,0.2,,,,,,,,,,,,,,,,,,,,
140222,Salsa tamari,1.0,66.9,66.0,0.0,10.5,5.6,3.9,1.7,1.7,0.8,0.1,0.011,0.017,0.044,0.0,0.0,0.0,0.0,0.0,0.0,,,,,,,,,,,,,,,,,,,,,
140223,Salsa tartara,1.0,209.0,67.0,0.0,1.0,13.3,9.1,4.3,4.2,0.5,16.7,3.3,3.6,9.0,7.0,11.0,3.0,82.0,2.0,1.7,,,,,,,,,,,,,,,,,,,,,
140224,Salsa vinagreta,1.0,648.0,27.8,0.0,0.2,0.2,0.0,0.2,0.0,0.0,71.8,10.1,50.4,8.1,0.0,0.0,0.0,0.0,0.0,9.5,0.0,,,,,,,,,,,,,,,,,,,,
140225,Sofrito,1.0,215.0,71.8,0.0,1.1,4.7,0.1,4.6,3.7,1.4,21.0,3.0,14.9,2.1,0.0,,,,0.0,9.5,,,,,,,,,,,,,,,,,,,,,
150101,Aspartamo,1.0,365.0,4.9,0.0,1.4,93.7,8.8,84.9,0.0,0.0,0.0,0.0,0.0,0.0,0.0,0.0,0.0,0.0,0.0,0.0,0.0,,,,,,,,,,,,,,,,,,,,
150102,Barrita hipocalórica,1.0,473.0,7.7,0.0,22.0,42.0,,,0.0,5.4,22.9,4.6,15.1,0.02,,5.4,0.0,32.5,2.4,4.8,,,,,,,,,,,,,,,,,,,,,
150103,Batido hipocalórico,1.0,322.0,11.9,0.0,26.9,37.0,23.9,13.1,0.0,12.3,4.6,1.7,,2.0,,209.0,209.0,1.0,2.3,4.8,,,,,,,,,,,,,,,,,,,,,
150104,Crema hipocalórica,1.0,262.0,35.4,0.0,23.0,30.0,24.5,5.5,0.0,7.8,3.8,0.8,1.5,1.4,,170.0,,,1.1,2.4,,,,,,,,,,,,,,,,,,,,,
150105,Edulcorante liquido,1.0,4.0,99.0,0.0,0.0,1.0,0.0,1.0,0.0,,0.0,0.0,0.0,0.0,0.0,0.0,0.0,0.0,0.0,0.0,,,,,,,,,,,,,,,,,,,,,
150126,Sacarina,1.0,364.0,8.9,0.0,2.0,89.1,3.2,85.2,0.0,0.0,0.0,0.0,0.0,0.0,0.0,0.0,0.0,0.0,0.0,0.0,0.0,,,,,,,,,,,,,,,,,,,,
150127,Stevia,1.0,0.0,0.0,0.0,0.0,100.0,,,0.0,0.0,0.0,0.0,0.0,0.0,0.0,0.0,0.0,0.0,0.0,0.0,0.0,,,,,,,,,,,,,,,,,,,,
150201,Leche de continuación (polvo),1.0,511.0,2.7,0.0,12.9,60.1,8.7,51.4,0.0,,24.3,,,3.8,,400.0,,,0.13,8.2,35.8,,,,,,,,,,,,,,,,,,,,
150202,Leche de inicio (polvo),1.0,522.0,2.9,0.0,11.4,58.9,7.7,51.2,0.0,,26.8,10.6,10.5,3.7,,540.0,,,7.6,8.7,41.0,,,,,,,,,,,,,,,,,,,,
150203,Papilla de cereales con leche (polvo),1.0,419.0,5.7,0.0,15.5,68.0,55.0,13.0,0.0,1.8,9.0,,,,,367.0,,,7.6,3.4,62.1,,,,,,,,,,,,,,,,,,,,
150204,Papilla de cereales y frutas (polvo),1.0,379.0,6.9,0.0,6.0,85.8,,,0.0,,1.3,0.17,0.23,0.85,,375.0,,,7.5,4.0,,,,,,,,,,,,,,,,,,,,,
150205,Papilla de cereales y miel con leche (polvo),1.0,421.0,1.4,0.0,13.0,72.4,,,0.0,,8.8,,,,,367.0,,,7.6,10.0,,,,,,,,,,,,,,,,,,,,,
150207,Papilla sin gluten con leche (polvo),1.0,403.0,5.8,0.0,15.3,66.8,34.5,32.3,0.0,,8.3,,,,,367.0,,,7.6,3.4,62.1,,,,,,,,,,,,,,,,,,,,
150208,Papilla sin gluten y frutas con leche (polvo),1.0,422.0,5.3,0.0,15.2,70.8,,,0.0,,8.7,,,,,367.0,,,7.5,0.0,62.1,,,,,,,,,,,,,,,,,,,,
150209,Potito de fruta variada,1.0,73.5,71.2,0.0,0.6,17.0,4.1,12.9,0.0,1.1,0.1,0.006,0.021,0.023,,6.9,0.0,41.5,,,,,,,,,,,,,,,,,,,,,,,
150210,Potito de pescado,1.0,74.6,85.6,0.0,3.6,6.0,4.4,1.6,0.0,1.0,3.8,,,,,,,,,,,,,,,,,,,,,,,,,,,,,,
150211,Potito de pollo,1.0,78.5,84.7,0.0,5.2,5.8,4.7,1.2,0.0,0.6,3.7,1.1,1.7,0.77,29.0,102.0,2.0,602.0,,0.24,,,,,,,,,,,,,,,,,,,,,
150212,Potito de ternera,1.0,64.8,86.3,0.0,3.6,6.0,4.9,1.1,0.0,1.5,2.6,1.3,0.95,0.24,13.0,82.0,0.0,492.0,,0.24,,,,,,,,,,,,,,,,,,,,,
